enrollment_id,student_id,course_id,enrollment_date,completion_status
1,73,8,2024-07-28,Active
2,439,18,2025-11-18,Active
3,12,2,2025-11-23,Active
4,300,6,2023-09-25,Active
5,259,16,2024-05-25,Completed
6,268,17,2024-06-27,Active
7,263,4,2026-03-02,Active
8,57,2,2025-05-10,Active
9,1,8,2025-06-11,Active
10,287,3,2025-05-06,Completed
11,202,9,2023-08-25,Active
12,117,8,2026-05-26,Active
13,122,12,2024-08-18,Active
14,418,12,2023-08-29,Completed
15,193,9,2023-12-31,Active
16,297,4,2024-10-23,Dropped
17,9,17,2023-11-18,Active
18,349,5,2023-12-04,Active
19,127,9,2026-04-24,Completed
20,6,12,2023-09-13,Active
21,480,10,2025-11-02,Active
22,463,14,2023-10-08,Active
23,418,6,2025-10-25,Active
24,42,2,2024-09-02,Dropped
25,116,20,2023-12-18,Active
26,190,18,2023-10-05,Dropped
27,220,11,2025-04-30,Active
28,304,14,2024-03-08,Active
29,34,19,2025-11-19,Completed
30,86,8,2024-01-03,Active
31,451,17,2023-12-15,Active
32,239,9,2026-02-01,Active
33,113,12,2025-06-24,Completed
34,153,10,2024-05-08,Completed
35,113,16,2024-04-05,Active
36,492,8,2026-04-19,Active
37,309,14,2024-08-13,Dropped
38,45,19,2025-06-25,Active
39,404,17,2023-09-10,Completed
40,425,16,2024-10-28,Active
41,283,6,2024-03-23,Active
42,428,10,2025-06-26,Completed
43,314,12,2025-06-09,Active
44,143,16,2026-01-21,Completed
45,407,4,2025-08-15,Completed
46,129,12,2026-01-07,Completed
47,272,12,2026-01-14,Active
48,196,15,2026-05-01,Active
49,319,6,2026-02-10,Completed
50,81,3,2025-04-10,Completed
51,487,16,2025-07-06,Active
52,447,19,2026-02-10,Completed
53,465,4,2024-05-31,Active
54,320,16,2025-10-18,Completed
55,362,11,2025-10-06,Active
56,386,13,2025-04-06,Active
57,423,17,2024-05-21,Completed
58,315,1,2024-11-13,Completed
59,455,5,2024-12-26,Active
60,435,17,2025-11-12,Completed
61,250,9,2025-10-22,Completed
62,171,10,2023-12-17,Active
63,179,1,2023-10-12,Active
64,308,5,2025-12-14,Completed
65,341,13,2026-07-13,Completed
66,420,6,2026-03-12,Active
67,249,8,2026-04-13,Dropped
68,433,16,2026-04-26,Active
69,444,13,2026-04-17,Completed
70,175,18,2024-01-05,Completed
71,461,7,2024-08-09,Dropped
72,8,1,2025-02-20,Active
73,125,15,2023-11-07,Active
74,358,10,2024-11-08,Dropped
75,360,9,2026-05-28,Completed
76,283,16,2025-08-28,Completed
77,426,10,2026-03-11,Active
78,331,5,2024-01-09,Completed
79,402,14,2026-01-11,Dropped
80,279,13,2026-02-12,Active
81,295,8,2024-07-30,Active
82,117,14,2024-01-22,Dropped
83,480,5,2024-09-19,Completed
84,153,1,2023-10-23,Completed
85,339,2,2023-08-24,Active
86,167,18,2023-10-23,Active
87,7,13,2024-07-18,Completed
88,60,9,2024-07-14,Completed
89,115,9,2024-08-10,Completed
90,373,17,2026-04-23,Dropped
91,247,1,2025-04-28,Active
92,133,10,2023-09-04,Completed
93,212,13,2025-08-24,Active
94,71,1,2026-03-06,Active
95,296,14,2023-12-31,Active
96,239,18,2025-11-16,Completed
97,398,17,2026-03-31,Active
98,379,4,2023-10-03,Active
99,76,17,2023-09-30,Active
100,27,14,2023-09-15,Active
101,435,1,2023-07-24,Active
102,118,18,2025-06-17,Active
103,66,9,2025-02-24,Active
104,335,4,2024-09-26,Active
105,490,6,2024-01-02,Active
106,46,3,2026-03-10,Active
107,222,8,2025-11-23,Active
108,216,11,2024-03-02,Active
109,191,6,2026-04-18,Completed
110,231,5,2024-09-20,Active
111,425,12,2025-04-23,Active
112,382,11,2025-03-01,Completed
113,24,17,2025-07-18,Active
114,71,6,2025-03-19,Completed
115,40,10,2024-09-02,Active
116,493,11,2025-11-05,Completed
117,23,1,2024-04-21,Dropped
118,100,20,2026-05-27,Active
119,283,10,2024-06-07,Active
120,291,3,2025-12-03,Active
121,326,14,2026-01-01,Active
122,379,5,2025-03-19,Active
123,474,15,2025-01-13,Active
124,157,16,2024-07-25,Active
125,355,18,2024-12-07,Active
126,149,4,2025-10-02,Completed
127,252,8,2026-02-20,Completed
128,69,18,2025-02-16,Active
129,288,8,2025-05-03,Dropped
130,46,9,2025-02-20,Completed
131,168,6,2025-10-15,Active
132,44,2,2025-03-03,Active
133,397,4,2024-01-15,Completed
134,130,11,2026-01-24,Active
135,317,7,2023-12-07,Completed
136,193,17,2024-09-10,Completed
137,390,13,2025-06-19,Completed
138,453,19,2025-01-27,Active
139,278,6,2026-02-07,Active
140,43,6,2024-02-12,Active
141,58,13,2026-03-18,Completed
142,200,14,2025-05-06,Completed
143,68,14,2025-04-23,Completed
144,49,18,2023-10-12,Completed
145,459,5,2023-11-06,Active
146,142,20,2024-07-18,Active
147,24,16,2026-01-19,Dropped
148,391,1,2025-10-21,Active
149,62,10,2026-04-24,Active
150,421,17,2025-05-12,Active
151,307,12,2023-11-09,Completed
152,297,7,2024-06-15,Active
153,390,9,2024-02-07,Active
154,271,16,2024-11-11,Active
155,152,4,2023-09-17,Active
156,150,11,2025-01-22,Active
157,461,6,2025-05-05,Active
158,498,17,2026-01-18,Active
159,91,18,2025-12-17,Completed
160,122,17,2025-07-04,Active
161,101,11,2024-12-14,Active
162,439,13,2025-06-23,Active
163,466,8,2025-12-16,Completed
164,147,4,2024-07-24,Completed
165,428,9,2024-11-14,Active
166,285,17,2024-08-21,Dropped
167,383,15,2024-03-22,Active
168,474,10,2024-01-22,Active
169,169,12,2026-03-25,Completed
170,241,7,2025-11-20,Active
171,462,3,2026-06-24,Active
172,276,11,2024-07-14,Active
173,460,10,2024-04-14,Completed
174,108,3,2026-03-12,Active
175,358,14,2026-04-08,Dropped
176,121,19,2025-09-21,Active
177,108,12,2025-11-30,Active
178,332,10,2024-05-01,Active
179,180,4,2025-10-01,Completed
180,52,11,2024-04-16,Active
181,419,12,2025-02-28,Active
182,17,1,2026-01-17,Active
183,171,4,2024-07-11,Active
184,22,8,2023-09-17,Active
185,271,12,2024-07-12,Active
186,241,9,2026-06-22,Active
187,169,9,2024-02-23,Active
188,250,11,2025-01-06,Active
189,136,16,2025-04-07,Completed
190,355,1,2025-04-15,Active
191,467,12,2025-12-18,Active
192,403,14,2026-04-12,Completed
193,398,9,2025-06-11,Active
194,84,8,2025-02-18,Dropped
195,196,8,2023-07-19,Dropped
196,499,9,2025-03-07,Active
197,276,17,2023-09-27,Active
198,498,16,2024-12-25,Active
199,50,17,2024-02-04,Active
200,210,1,2024-08-28,Active
201,499,1,2025-03-16,Active
202,480,8,2025-11-04,Completed
203,124,2,2026-05-21,Completed
204,37,11,2025-09-26,Active
205,212,20,2026-07-08,Active
206,246,7,2026-01-19,Active
207,41,6,2024-11-03,Dropped
208,329,15,2024-12-25,Active
209,140,7,2024-03-02,Active
210,127,2,2025-08-09,Completed
211,235,19,2024-09-05,Active
212,266,7,2025-11-25,Active
213,408,10,2025-02-21,Active
214,244,1,2024-11-07,Active
215,452,17,2024-04-06,Active
216,451,4,2025-09-14,Active
217,8,8,2023-11-29,Active
218,380,15,2026-04-25,Active
219,325,1,2025-02-20,Dropped
220,411,8,2026-01-13,Completed
221,345,15,2024-05-21,Dropped
222,203,5,2023-07-18,Active
223,122,1,2024-12-04,Completed
224,285,11,2025-01-08,Active
225,203,18,2023-09-21,Active
226,356,10,2024-09-12,Active
227,445,16,2024-10-22,Active
228,232,18,2023-09-19,Dropped
229,192,11,2024-04-10,Active
230,286,10,2024-10-04,Completed
231,325,7,2025-07-24,Active
232,411,17,2025-06-27,Active
233,247,9,2025-06-15,Active
234,149,3,2025-08-29,Active
235,371,9,2024-07-12,Completed
236,397,17,2024-08-04,Active
237,170,18,2024-05-12,Completed
238,496,9,2025-01-23,Completed
239,68,4,2025-05-08,Completed
240,145,5,2024-05-15,Active
241,287,7,2026-01-20,Active
242,440,19,2026-01-12,Dropped
243,476,19,2025-08-26,Completed
244,36,2,2024-04-25,Completed
245,100,7,2024-02-13,Completed
246,258,11,2025-03-26,Active
247,282,1,2025-02-05,Active
248,122,3,2024-07-17,Completed
249,383,1,2024-04-02,Active
250,453,18,2023-07-28,Active
251,378,3,2023-10-15,Active
252,99,12,2023-12-25,Active
253,249,13,2024-10-25,Active
254,279,9,2023-11-18,Active
255,192,17,2025-06-19,Active
256,396,14,2023-12-05,Active
257,454,9,2025-04-09,Active
258,27,18,2023-10-03,Active
259,229,6,2025-10-01,Completed
260,189,11,2025-12-20,Active
261,461,3,2025-05-20,Completed
262,350,8,2023-08-30,Completed
263,378,18,2024-05-13,Completed
264,30,4,2024-10-07,Active
265,405,1,2025-12-03,Active
266,283,4,2025-04-10,Active
267,303,3,2025-05-19,Active
268,314,16,2025-12-10,Active
269,106,15,2025-02-12,Active
270,244,8,2026-03-17,Completed
271,264,18,2025-01-15,Completed
272,161,4,2025-09-19,Dropped
273,368,19,2023-12-28,Active
274,115,13,2023-12-29,Dropped
275,209,8,2023-09-09,Active
276,392,14,2024-12-09,Completed
277,75,14,2025-12-30,Active
278,225,15,2025-07-15,Completed
279,76,2,2024-08-17,Active
280,165,10,2026-02-21,Dropped
281,23,17,2024-07-04,Completed
282,222,10,2023-11-07,Active
283,338,7,2025-06-15,Active
284,132,8,2025-01-29,Dropped
285,315,10,2024-03-02,Completed
286,346,7,2024-06-30,Active
287,211,15,2025-08-23,Active
288,299,12,2026-06-25,Active
289,352,8,2025-05-19,Active
290,18,5,2025-05-19,Active
291,21,6,2024-06-11,Active
292,154,14,2025-01-04,Active
293,320,15,2026-01-23,Dropped
294,181,7,2023-12-12,Active
295,261,7,2026-05-11,Completed
296,96,5,2025-05-20,Dropped
297,472,10,2026-07-13,Active
298,479,11,2025-07-01,Active
299,83,16,2026-07-16,Completed
300,390,7,2026-03-24,Active
301,436,1,2026-05-08,Active
302,404,3,2023-08-24,Completed
303,469,9,2025-01-22,Completed
304,34,14,2026-05-15,Completed
305,436,6,2025-05-21,Dropped
306,3,7,2025-03-23,Active
307,360,19,2025-11-20,Active
308,306,2,2025-04-26,Active
309,236,19,2025-09-13,Active
310,170,19,2025-12-21,Active
311,466,2,2024-04-24,Active
312,247,19,2026-06-25,Completed
313,96,9,2025-03-17,Active
314,273,14,2025-11-07,Active
315,282,15,2024-06-18,Active
316,479,15,2025-01-06,Active
317,462,5,2024-01-07,Dropped
318,307,2,2024-02-05,Active
319,218,13,2025-04-16,Active
320,274,15,2025-05-14,Active
321,61,11,2025-07-31,Active
322,293,20,2024-02-06,Completed
323,84,3,2023-12-18,Active
324,212,14,2024-06-09,Dropped
325,217,1,2023-08-23,Dropped
326,180,17,2023-09-10,Active
327,370,19,2024-11-08,Active
328,417,3,2024-04-11,Completed
329,4,6,2023-11-11,Active
330,353,8,2023-12-21,Active
331,360,5,2023-08-20,Dropped
332,19,15,2025-10-02,Active
333,141,17,2024-12-21,Completed
334,78,13,2024-07-25,Completed
335,358,11,2023-12-12,Active
336,412,5,2025-09-23,Completed
337,370,2,2023-11-21,Active
338,293,3,2023-08-30,Active
339,149,15,2025-05-08,Active
340,86,17,2024-03-14,Completed
341,223,10,2024-05-04,Active
342,461,15,2024-02-25,Dropped
343,144,1,2024-06-14,Active
344,287,14,2025-02-23,Active
345,470,5,2024-01-15,Completed
346,330,19,2024-09-16,Active
347,499,7,2024-02-10,Completed
348,486,5,2024-11-03,Completed
349,3,8,2024-04-09,Completed
350,133,18,2024-04-28,Active
351,357,18,2026-02-07,Active
352,446,15,2023-09-22,Completed
353,129,1,2026-04-01,Active
354,474,12,2026-03-25,Active
355,216,20,2026-06-09,Active
356,26,9,2024-12-30,Completed
357,118,1,2025-09-06,Active
358,179,3,2025-01-21,Completed
359,461,20,2026-02-25,Completed
360,221,9,2024-10-26,Active
361,127,11,2025-12-18,Completed
362,134,17,2025-02-08,Completed
363,42,6,2023-09-30,Active
364,362,18,2025-11-28,Active
365,288,20,2024-04-13,Completed
366,295,16,2026-06-08,Active
367,449,14,2024-03-31,Dropped
368,301,8,2026-07-11,Completed
369,117,15,2025-12-24,Completed
370,361,11,2024-05-30,Active
371,283,19,2023-07-29,Active
372,289,13,2025-03-29,Active
373,454,17,2026-03-25,Active
374,59,5,2026-03-29,Active
375,232,3,2023-08-10,Active
376,136,18,2024-06-05,Active
377,221,17,2026-02-26,Completed
378,297,15,2024-06-30,Active
379,231,4,2025-04-03,Active
380,39,4,2025-07-24,Completed
381,208,11,2023-10-14,Completed
382,156,6,2024-12-07,Completed
383,9,6,2024-02-14,Active
384,426,16,2026-05-16,Dropped
385,11,18,2025-07-07,Active
386,443,17,2024-11-22,Completed
387,333,4,2026-03-03,Active
388,436,10,2026-01-12,Active
389,301,5,2024-11-22,Completed
390,3,9,2025-04-22,Completed
391,2,20,2026-05-09,Active
392,466,5,2023-08-10,Completed
393,159,8,2024-11-04,Completed
394,415,11,2024-05-01,Active
395,32,10,2024-04-16,Completed
396,27,9,2024-05-25,Active
397,179,14,2026-01-16,Active
398,301,6,2023-08-18,Active
399,415,8,2025-09-10,Completed
400,423,19,2026-04-03,Completed
401,201,18,2025-09-08,Active
402,412,11,2024-11-29,Active
403,320,12,2025-09-25,Completed
404,79,18,2024-09-15,Active
405,455,14,2023-12-18,Dropped
406,325,12,2024-03-15,Completed
407,143,9,2023-07-31,Active
408,469,3,2026-06-19,Dropped
409,53,12,2026-04-10,Active
410,320,5,2025-07-07,Completed
411,75,19,2025-01-24,Active
412,49,12,2024-06-27,Completed
413,382,5,2024-02-13,Active
414,70,7,2024-10-31,Completed
415,269,8,2025-06-12,Active
416,291,17,2023-11-25,Active
417,471,19,2025-06-02,Completed
418,25,16,2026-01-30,Active
419,203,8,2024-10-10,Active
420,99,8,2024-04-08,Active
421,107,19,2026-01-10,Active
422,67,18,2025-03-03,Active
423,317,15,2023-09-16,Active
424,299,1,2025-05-23,Active
425,127,12,2026-04-20,Active
426,234,12,2025-10-20,Dropped
427,256,12,2024-07-14,Active
428,59,17,2023-12-08,Active
429,174,9,2024-03-17,Completed
430,340,14,2023-09-02,Active
431,367,2,2025-12-29,Dropped
432,461,17,2025-06-26,Completed
433,281,13,2025-01-01,Dropped
434,112,8,2024-04-05,Dropped
435,305,5,2024-10-05,Dropped
436,410,11,2024-07-25,Active
437,359,11,2026-04-12,Active
438,495,11,2023-11-05,Active
439,394,3,2024-04-21,Completed
440,109,18,2026-07-05,Active
441,124,20,2025-11-25,Active
442,232,14,2025-04-27,Active
443,320,14,2024-09-26,Completed
444,361,6,2025-05-02,Completed
445,207,5,2025-07-22,Active
446,71,10,2024-10-10,Active
447,161,5,2023-10-12,Active
448,129,4,2026-04-16,Active
449,138,1,2024-12-03,Active
450,463,11,2026-05-12,Active
451,177,11,2025-09-12,Active
452,430,20,2025-03-11,Active
453,403,16,2023-08-26,Active
454,100,10,2025-12-04,Active
455,100,15,2024-03-07,Active
456,379,11,2026-04-20,Completed
457,160,9,2024-11-08,Active
458,79,2,2025-04-25,Active
459,380,20,2023-09-06,Completed
460,208,6,2024-08-03,Completed
461,270,9,2023-08-27,Active
462,439,9,2025-07-13,Active
463,24,11,2023-10-02,Active
464,152,17,2024-10-27,Completed
465,149,12,2024-02-12,Active
466,283,14,2024-10-17,Active
467,353,20,2024-11-08,Active
468,213,14,2025-05-07,Active
469,263,11,2024-12-24,Active
470,146,11,2025-06-19,Active
471,238,2,2024-07-31,Active
472,385,11,2024-07-23,Active
473,375,19,2025-07-11,Active
474,180,14,2026-07-17,Completed
475,363,17,2023-10-08,Completed
476,434,20,2025-10-12,Active
477,307,17,2026-04-02,Active
478,416,6,2026-03-30,Active
479,447,11,2026-07-10,Active
480,190,3,2024-10-11,Active
481,389,12,2025-10-15,Active
482,69,20,2024-08-25,Completed
483,233,19,2026-04-04,Active
484,4,13,2023-12-02,Active
485,314,10,2024-12-10,Active
486,213,15,2024-05-06,Completed
487,282,5,2025-10-26,Active
488,139,10,2025-12-29,Completed
489,35,4,2023-12-07,Completed
490,499,8,2025-04-01,Active
491,387,3,2024-01-31,Active
492,184,20,2025-11-07,Active
493,142,8,2024-09-01,Completed
494,273,1,2026-06-02,Active
495,425,15,2025-07-01,Active
496,426,15,2025-06-26,Active
497,441,6,2023-09-08,Completed
498,449,18,2026-06-26,Completed
499,168,9,2026-07-01,Active
500,312,4,2024-04-17,Active
501,465,9,2026-02-04,Active
502,218,6,2025-05-22,Active
503,226,18,2024-05-03,Completed
504,93,18,2025-03-28,Active
505,386,5,2023-09-09,Active
506,41,20,2024-08-14,Active
507,80,19,2024-08-26,Completed
508,112,1,2024-09-16,Completed
509,247,3,2023-09-07,Completed
510,131,7,2025-11-26,Active
511,185,7,2024-06-29,Completed
512,218,9,2025-09-05,Active
513,290,4,2024-07-02,Active
514,194,11,2025-08-14,Completed
515,130,3,2025-01-19,Completed
516,355,4,2026-01-09,Dropped
517,64,20,2026-04-08,Active
518,15,5,2026-02-09,Completed
519,476,11,2024-09-21,Active
520,482,20,2024-07-14,Active
521,222,15,2024-09-01,Completed
522,87,10,2026-04-05,Completed
523,79,12,2025-10-05,Active
524,77,14,2024-12-14,Completed
525,264,19,2026-02-21,Dropped
526,211,19,2026-02-05,Active
527,338,6,2023-09-17,Completed
528,154,16,2024-03-03,Active
529,273,19,2025-03-31,Active
530,432,9,2023-10-14,Dropped
531,204,10,2026-03-04,Active
532,488,19,2024-09-16,Completed
533,73,1,2025-05-15,Active
534,160,8,2023-09-22,Completed
535,199,14,2025-09-08,Completed
536,394,10,2024-12-01,Active
537,65,6,2025-06-12,Active
538,372,10,2026-03-03,Active
539,193,7,2023-11-18,Completed
540,231,14,2023-12-23,Active
541,3,10,2025-09-10,Active
542,222,17,2025-01-18,Completed
543,34,12,2023-07-21,Completed
544,262,4,2023-10-06,Active
545,181,15,2023-11-09,Completed
546,185,14,2025-11-30,Active
547,404,20,2026-07-12,Active
548,469,11,2023-11-24,Active
549,167,1,2024-05-19,Active
550,380,6,2024-10-20,Dropped
551,483,6,2026-01-31,Completed
552,440,5,2024-12-20,Active
553,46,7,2026-04-18,Active
554,45,10,2023-12-22,Active
555,496,10,2026-02-19,Completed
556,48,2,2025-11-26,Completed
557,230,11,2026-05-18,Completed
558,123,8,2025-02-27,Completed
559,291,6,2024-12-21,Dropped
560,259,15,2025-10-27,Completed
561,67,6,2025-05-11,Completed
562,473,2,2024-09-12,Active
563,183,12,2024-09-12,Active
564,439,3,2024-06-29,Active
565,69,5,2024-02-06,Active
566,32,3,2025-06-17,Active
567,84,12,2024-10-11,Dropped
568,496,17,2024-12-11,Active
569,156,13,2025-09-04,Active
570,170,9,2025-10-25,Active
571,303,13,2023-11-16,Active
572,270,3,2025-12-15,Active
573,246,2,2023-11-02,Completed
574,90,19,2025-02-22,Completed
575,196,1,2024-08-19,Active
576,268,14,2025-07-21,Active
577,460,4,2026-03-26,Active
578,257,16,2026-01-15,Active
579,310,10,2024-08-17,Active
580,231,7,2026-03-23,Dropped
581,493,16,2024-08-21,Active
582,305,20,2026-04-08,Completed
583,21,11,2026-02-20,Active
584,138,18,2024-05-31,Dropped
585,238,3,2026-04-05,Completed
586,4,1,2024-12-18,Dropped
587,4,3,2024-09-10,Completed
588,490,7,2024-10-19,Active
589,237,16,2025-10-04,Active
590,357,9,2024-04-22,Completed
591,323,16,2026-04-07,Completed
592,280,10,2026-04-13,Active
593,234,7,2026-07-06,Dropped
594,243,19,2024-09-29,Completed
595,50,1,2026-02-24,Active
596,479,5,2024-02-19,Completed
597,206,19,2023-12-17,Completed
598,238,13,2026-01-20,Completed
599,329,8,2025-01-26,Active
600,366,6,2023-11-08,Dropped
601,459,18,2024-03-03,Active
602,174,2,2024-10-03,Active
603,307,7,2024-07-06,Active
604,376,10,2023-11-30,Active
605,150,5,2024-09-13,Active
606,366,11,2025-07-28,Active
607,388,15,2025-11-03,Active
608,348,8,2025-02-24,Active
609,152,2,2024-11-24,Active
610,148,13,2023-08-24,Completed
611,190,4,2024-09-03,Dropped
612,350,20,2024-08-24,Active
613,150,12,2026-01-09,Completed
614,203,16,2023-09-05,Active
615,24,15,2025-03-19,Active
616,397,8,2024-12-13,Active
617,256,14,2023-09-06,Active
618,492,11,2025-07-05,Completed
619,432,19,2026-02-15,Active
620,14,6,2023-09-23,Active
621,278,2,2025-07-05,Active
622,387,5,2024-11-17,Active
623,406,4,2024-08-21,Active
624,477,16,2026-03-04,Completed
625,196,16,2025-04-24,Completed
626,39,11,2024-12-14,Active
627,456,3,2026-02-21,Completed
628,393,12,2026-07-15,Active
629,495,4,2026-03-08,Active
630,411,18,2026-01-20,Completed
631,4,16,2024-01-05,Active
632,65,16,2023-10-19,Active
633,33,2,2023-08-07,Active
634,413,19,2024-09-28,Completed
635,158,2,2023-07-30,Completed
636,64,17,2024-11-29,Active
637,23,20,2023-07-26,Completed
638,221,3,2025-03-09,Completed
639,63,4,2025-04-26,Completed
640,13,1,2023-09-24,Active
641,288,7,2024-02-29,Completed
642,178,3,2023-08-17,Completed
643,118,17,2025-07-09,Active
644,378,8,2023-10-09,Active
645,135,19,2024-08-26,Active
646,233,13,2024-05-05,Active
647,3,19,2023-08-04,Active
648,263,20,2025-12-16,Active
649,357,12,2025-09-14,Active
650,4,20,2024-05-27,Active
651,340,6,2025-05-11,Active
652,379,13,2024-01-28,Active
653,258,17,2024-11-14,Active
654,337,20,2023-11-08,Active
655,110,12,2023-12-04,Active
656,275,10,2026-04-24,Completed
657,225,9,2023-11-10,Active
658,297,11,2025-09-01,Active
659,384,11,2024-11-08,Completed
660,242,12,2024-02-18,Active
661,95,15,2024-03-09,Completed
662,87,6,2024-04-30,Active
663,193,3,2025-10-10,Completed
664,246,19,2026-03-13,Completed
665,164,8,2026-05-17,Completed
666,59,10,2025-01-04,Dropped
667,185,17,2024-11-16,Active
668,391,14,2026-03-26,Completed
669,176,9,2025-03-09,Active
670,281,4,2026-03-03,Active
671,167,13,2024-06-15,Active
672,491,15,2023-10-30,Active
673,498,5,2026-05-24,Active
674,392,2,2024-12-31,Active
675,306,6,2026-05-22,Completed
676,405,8,2023-08-05,Dropped
677,69,13,2023-11-21,Completed
678,224,10,2025-12-18,Active
679,265,4,2026-02-19,Active
680,260,19,2024-11-07,Active
681,261,8,2024-03-03,Active
682,202,16,2025-06-01,Active
683,453,1,2026-03-02,Active
684,338,3,2023-12-11,Completed
685,68,11,2024-03-08,Active
686,456,12,2025-12-14,Active
687,450,19,2024-09-27,Active
688,213,16,2024-07-30,Active
689,76,8,2025-04-21,Completed
690,286,19,2024-11-21,Active
691,108,8,2023-11-30,Active
692,138,19,2025-04-28,Completed
693,49,19,2024-01-06,Active
694,86,1,2025-08-15,Active
695,305,8,2026-02-09,Active
696,215,13,2024-07-22,Completed
697,439,16,2025-03-03,Active
698,455,15,2026-03-23,Completed
699,31,15,2025-07-23,Active
700,353,11,2024-08-27,Active
701,125,9,2025-10-29,Completed
702,123,13,2023-07-21,Active
703,46,19,2024-03-08,Active
704,443,8,2024-02-23,Completed
705,193,14,2025-03-29,Completed
706,244,20,2025-09-02,Dropped
707,447,4,2023-09-13,Dropped
708,11,2,2024-08-03,Dropped
709,331,6,2023-12-31,Active
710,140,5,2024-12-24,Active
711,291,7,2024-10-13,Completed
712,277,2,2026-04-02,Active
713,166,8,2024-12-15,Completed
714,355,14,2025-09-03,Active
715,141,18,2024-01-26,Active
716,54,2,2024-11-02,Active
717,73,12,2024-09-26,Completed
718,491,3,2024-05-08,Active
719,136,13,2026-03-06,Active
720,349,16,2024-08-20,Completed
721,197,3,2025-08-03,Completed
722,332,11,2025-04-10,Active
723,448,14,2025-03-15,Completed
724,275,19,2024-03-01,Active
725,460,6,2025-01-03,Active
726,118,20,2024-08-11,Dropped
727,409,1,2025-04-16,Completed
728,497,13,2025-02-05,Active
729,179,7,2024-01-15,Dropped
730,161,20,2025-03-31,Completed
731,379,12,2026-01-02,Dropped
732,202,5,2026-02-27,Completed
733,498,19,2024-08-17,Completed
734,347,19,2025-07-05,Active
735,250,13,2025-05-26,Active
736,309,2,2023-08-12,Active
737,284,2,2025-04-05,Dropped
738,171,6,2026-04-11,Active
739,101,7,2024-02-23,Active
740,88,12,2024-01-23,Completed
741,49,9,2023-11-30,Completed
742,493,12,2025-07-30,Active
743,342,14,2026-04-04,Dropped
744,98,1,2026-03-03,Active
745,444,10,2026-02-04,Completed
746,110,10,2026-03-06,Active
747,387,11,2024-12-13,Completed
748,232,1,2024-07-16,Active
749,398,11,2025-09-09,Active
750,473,8,2023-07-20,Completed
751,242,7,2024-12-25,Active
752,110,4,2024-12-03,Active
753,70,2,2026-02-26,Active
754,132,15,2025-02-18,Completed
755,381,8,2025-10-09,Active
756,216,16,2025-04-16,Active
757,20,19,2025-04-17,Active
758,294,12,2026-05-24,Completed
759,265,13,2025-04-08,Dropped
760,309,1,2023-11-02,Completed
761,179,2,2024-08-26,Active
762,187,18,2025-09-03,Active
763,358,1,2024-03-21,Active
764,196,9,2026-04-25,Active
765,99,10,2024-12-03,Active
766,167,12,2024-06-03,Active
767,102,7,2024-12-13,Completed
768,72,20,2024-10-06,Active
769,99,4,2026-03-10,Completed
770,220,3,2025-07-11,Active
771,396,7,2023-10-11,Completed
772,13,4,2025-09-29,Active
773,77,10,2024-11-20,Active
774,382,8,2026-01-17,Dropped
775,205,7,2025-01-27,Active
776,192,4,2026-03-03,Completed
777,8,19,2026-02-25,Completed
778,370,3,2025-04-07,Active
779,277,19,2023-09-14,Active
780,214,15,2026-06-24,Active
781,131,6,2024-08-30,Active
782,105,18,2023-09-11,Active
783,94,9,2024-02-04,Completed
784,264,5,2026-05-27,Dropped
785,326,16,2024-06-07,Active
786,71,11,2023-10-22,Completed
787,209,2,2025-02-03,Active
788,403,8,2025-02-12,Active
789,61,2,2026-04-17,Active
790,276,8,2026-02-02,Active
791,388,18,2023-10-29,Active
792,203,19,2026-04-18,Completed
793,446,3,2024-04-26,Dropped
794,276,12,2024-09-27,Active
795,451,10,2023-08-30,Active
796,423,14,2025-05-06,Completed
797,387,15,2024-11-05,Active
798,26,1,2025-08-16,Completed
799,283,13,2026-06-10,Completed
800,238,11,2024-08-24,Active
801,426,4,2024-07-14,Dropped
802,62,8,2024-11-09,Active
803,92,4,2026-06-08,Completed
804,19,17,2025-05-13,Active
805,200,7,2023-08-27,Active
806,454,2,2024-03-24,Active
807,227,5,2025-03-02,Dropped
808,225,20,2024-03-13,Active
809,422,7,2024-03-18,Active
810,434,17,2024-03-24,Active
811,128,12,2025-01-18,Active
812,459,13,2023-12-26,Active
813,153,4,2026-03-20,Active
814,199,18,2024-08-30,Completed
815,250,15,2025-02-11,Active
816,86,16,2025-12-28,Dropped
817,191,1,2023-11-11,Completed
818,362,5,2024-09-20,Active
819,465,5,2024-01-11,Active
820,194,13,2024-03-07,Active
821,121,8,2023-09-09,Completed
822,298,11,2024-10-25,Completed
823,491,2,2025-12-03,Active
824,166,2,2026-07-15,Dropped
825,90,3,2024-12-02,Active
826,396,9,2024-11-23,Active
827,382,20,2026-03-31,Completed
828,31,4,2026-03-20,Active
829,471,6,2023-08-21,Active
830,63,10,2024-10-06,Completed
831,325,5,2023-11-03,Active
832,210,5,2024-02-06,Active
833,111,6,2025-02-14,Active
834,375,9,2026-03-09,Active
835,183,8,2026-01-07,Completed
836,220,16,2025-01-10,Active
837,58,14,2026-02-02,Active
838,199,8,2023-10-17,Active
839,376,15,2023-10-03,Active
840,195,5,2023-12-25,Active
841,219,15,2025-04-13,Dropped
842,330,4,2026-03-27,Completed
843,195,19,2026-06-24,Active
844,116,3,2025-07-10,Active
845,142,3,2025-07-11,Active
846,192,14,2026-06-30,Dropped
847,275,16,2025-09-15,Active
848,453,14,2024-03-06,Active
849,498,12,2025-11-12,Completed
850,73,17,2023-08-13,Completed
851,370,16,2025-06-03,Completed
852,264,10,2025-04-18,Active
853,23,14,2025-07-24,Dropped
854,84,19,2023-09-30,Active
855,406,19,2025-05-18,Active
856,253,3,2025-12-06,Dropped
857,192,7,2025-11-19,Active
858,23,11,2024-08-08,Completed
859,421,6,2025-10-01,Active
860,47,13,2023-10-29,Completed
861,60,4,2024-06-19,Completed
862,327,9,2026-04-28,Active
863,439,2,2026-01-07,Completed
864,139,18,2025-12-13,Active
865,353,4,2024-07-20,Completed
866,186,3,2025-12-31,Completed
867,474,18,2026-03-21,Completed
868,273,9,2026-02-20,Completed
869,408,11,2026-06-01,Completed
870,407,13,2024-11-20,Completed
871,441,20,2024-12-03,Completed
872,146,20,2024-10-22,Active
873,169,4,2024-07-15,Completed
874,234,11,2025-04-22,Dropped
875,402,16,2025-05-04,Active
876,35,10,2024-10-17,Active
877,308,9,2023-12-16,Active
878,13,15,2023-12-16,Completed
879,482,6,2026-02-25,Completed
880,486,10,2024-11-06,Active
881,136,7,2024-04-26,Completed
882,86,19,2023-12-24,Active
883,302,19,2026-02-21,Dropped
884,328,14,2024-04-16,Active
885,352,13,2025-07-13,Active
886,362,10,2025-07-24,Active
887,375,1,2024-05-19,Active
888,172,8,2026-05-18,Active
889,478,5,2024-04-17,Completed
890,57,15,2023-12-24,Active
891,63,18,2025-10-15,Completed
892,60,20,2025-04-08,Active
893,68,1,2024-08-03,Completed
894,111,17,2026-05-29,Active
895,175,1,2024-05-18,Completed
896,339,18,2024-03-22,Active
897,317,16,2023-12-14,Active
898,433,2,2023-12-03,Active
899,262,13,2026-06-24,Active
900,360,20,2024-07-05,Active
901,159,13,2024-04-02,Completed
902,441,8,2025-10-21,Active
903,441,4,2024-06-18,Completed
904,469,19,2025-02-04,Completed
905,334,20,2023-08-27,Dropped
906,215,10,2024-03-20,Completed
907,204,19,2025-11-22,Completed
908,401,3,2023-12-28,Completed
909,363,16,2024-04-29,Active
910,347,2,2026-03-05,Active
911,309,5,2024-11-20,Active
912,375,14,2025-08-05,Active
913,360,13,2023-09-05,Completed
914,84,1,2025-06-18,Active
915,51,9,2023-11-02,Active
916,124,1,2024-06-22,Active
917,173,9,2025-07-16,Dropped
918,68,20,2025-09-22,Active
919,89,9,2023-11-02,Dropped
920,47,6,2024-01-24,Completed
921,438,5,2025-03-08,Active
922,52,8,2026-03-07,Completed
923,172,12,2025-01-07,Active
924,266,3,2026-04-18,Completed
925,458,16,2024-02-13,Active
926,85,5,2025-06-30,Completed
927,221,14,2025-08-04,Active
928,414,17,2025-08-29,Dropped
929,230,17,2024-11-11,Active
930,364,11,2023-10-29,Active
931,88,2,2023-09-09,Active
932,431,18,2024-02-17,Completed
933,379,8,2025-01-01,Active
934,121,11,2026-02-06,Active
935,417,12,2024-10-15,Active
936,340,13,2026-04-29,Dropped
937,182,13,2023-09-09,Active
938,365,5,2024-10-23,Active
939,174,17,2025-12-03,Active
940,281,15,2024-12-21,Active
941,457,16,2023-10-27,Dropped
942,316,7,2025-09-26,Active
943,93,19,2024-11-27,Completed
944,460,3,2024-06-03,Active
945,61,17,2024-03-01,Active
946,55,2,2025-02-12,Dropped
947,188,19,2023-11-03,Active
948,384,3,2024-05-26,Completed
949,288,19,2023-12-21,Dropped
950,497,11,2025-04-21,Completed
951,342,9,2024-07-11,Active
952,115,16,2025-07-04,Active
953,337,6,2024-07-20,Active
954,229,16,2024-07-15,Completed
955,330,15,2026-06-19,Dropped
956,105,5,2026-04-26,Active
957,48,12,2023-10-10,Active
958,261,12,2023-11-05,Active
959,463,15,2023-08-07,Active
960,68,8,2025-09-10,Dropped
961,370,1,2026-06-24,Active
962,147,15,2025-08-23,Active
963,139,1,2025-10-04,Completed
964,315,15,2025-03-08,Completed
965,96,10,2023-12-30,Active
966,67,12,2026-02-09,Dropped
967,340,2,2023-07-27,Active
968,403,10,2024-12-05,Active
969,163,12,2024-01-21,Active
970,81,7,2025-05-18,Completed
971,499,16,2026-02-16,Active
972,217,6,2024-02-19,Active
973,453,16,2026-03-21,Active
974,198,17,2025-01-26,Completed
975,444,19,2024-08-25,Completed
976,418,15,2024-05-08,Completed
977,45,9,2025-03-14,Active
978,352,17,2024-06-28,Active
979,399,18,2025-04-28,Active
980,499,19,2025-01-19,Completed
981,285,10,2025-10-11,Active
982,54,20,2024-06-14,Active
983,500,16,2024-05-21,Active
984,316,18,2025-09-07,Active
985,121,14,2024-06-22,Active
986,390,8,2024-12-18,Active
987,402,20,2025-07-14,Dropped
988,181,14,2026-04-29,Active
989,151,3,2025-10-29,Dropped
990,474,5,2026-04-30,Active
991,225,17,2023-10-16,Active
992,30,6,2024-02-25,Dropped
993,284,17,2024-05-08,Completed
994,55,19,2023-09-29,Active
995,261,10,2025-02-01,Dropped
996,438,19,2024-02-21,Active
997,280,18,2026-03-01,Active
998,211,9,2025-06-21,Active
999,34,17,2026-06-15,Active
1000,201,15,2025-07-02,Active
