student_id,first_name,last_name,gender,date_of_birth,email,phone,city,state,admission_date,department_id
1,Eesha,Bhandari,Male,2002-04-28,darpan41@example.org,6675368657,Cuttack,Goa,2024-09-15,4
2,Upkaar,Garg,Other,2004-12-28,zaidiyer@example.org,4001247597,Kavali,Nagaland,2024-11-11,8
3,Yashawini,Tara,Other,2006-01-02,simon08@example.com,8157020845,Pune,Karnataka,2022-08-06,5
4,Jagat,Nanda,Other,2000-07-20,andrewsarna@example.net,8683129819,Nandyal,Himachal Pradesh,2024-07-03,2
5,Robert,Ramesh,Other,2002-12-30,elad@example.com,4710822075,Loni,Karnataka,2025-06-23,6
6,Naveen,Shan,Other,2007-04-17,sidhugaurangi@example.com,5388012377,Katihar,Odisha,2026-01-20,8
7,Mekhala,Vig,Male,2007-06-01,vyaszarna@example.com,4331307729,Ramagundam,Nagaland,2024-08-16,4
8,Henry,Choudhary,Male,2003-02-11,jrastogi@example.org,1585829162,Orai,Assam,2025-04-19,2
9,Brinda,Kothari,Other,2000-10-13,dtata@example.org,6145817432,Mysore,Maharashtra,2024-12-16,7
10,Chaitanya,Sani,Female,2005-10-08,jeetkeer@example.org,1683015140,Hosur,Telangana,2022-08-12,4
11,Nathaniel,Wable,Other,2005-09-12,nadigpavani@example.net,1599381281,Kollam,Madhya Pradesh,2025-08-27,2
12,Harrison,Ganesh,Other,2003-10-06,jraja@example.com,2597332339,Anand,Telangana,2023-07-04,6
13,Charles,Basak,Male,2001-08-23,knarasimhan@example.com,5047474153,Shivpuri,Manipur,2025-10-26,2
14,Ansh,Sachdev,Female,2005-10-06,dchopra@example.org,7609226420,Jamalpur,Madhya Pradesh,2023-07-28,4
15,Damini,Vora,Female,2001-10-08,urvi90@example.com,0431752090,Bhavnagar,Haryana,2023-08-19,6
16,Widisha,Kamdar,Female,2001-08-31,vmohanty@example.org,9393521482,Ahmedabad,Sikkim,2024-11-14,6
17,Diya,Desai,Male,2004-06-09,janya18@example.com,6999976819,Bhiwandi,Meghalaya,2023-12-18,3
18,Chavvi,Sood,Male,2005-03-30,tdara@example.net,7262004411,Bhilai,Andhra Pradesh,2026-01-30,3
19,Nicholas,Patil,Male,2001-06-14,dmani@example.org,1743916253,Madanapalle,Arunachal Pradesh,2025-07-09,7
20,Maanas,Verma,Other,2001-02-05,smaster@example.org,0941071558,Bokaro,Odisha,2023-08-07,3
21,Isha,Buch,Male,2001-12-04,hjayaraman@example.org,2715878769,Jhansi,Karnataka,2024-04-22,6
22,Viraj,Chand,Female,2007-01-30,balveer72@example.net,2060174889,Bareilly,Chhattisgarh,2025-12-11,1
23,Jagat,Palla,Male,2004-08-20,mukhopadhyayzarna@example.com,4993595566,Rajahmundry,Mizoram,2023-12-05,6
24,Vedika,Sridhar,Other,2008-03-30,samalopa@example.com,7948609695,Tiruppur,Manipur,2023-11-19,7
25,Jonathan,Chahal,Male,2005-08-17,mitali73@example.com,6948234103,Coimbatore,Odisha,2024-06-20,4
26,Ijaya,Prasad,Female,2006-01-14,ranatheodore@example.com,2260021034,Satna,West Bengal,2024-08-11,3
27,Indrajit,Batra,Male,2008-03-13,nachiketzachariah@example.com,4260147548,Davanagere,Mizoram,2023-03-08,8
28,Aarna,Parmar,Male,2007-09-05,sidhuadvaith@example.net,7783594094,Sirsa,Mizoram,2026-06-17,5
29,Shravya,Zachariah,Other,2002-05-25,eiravatibadal@example.org,4111170816,Bhusawal,Punjab,2025-07-04,7
30,Gautam,Bala,Female,2002-08-25,diya16@example.com,4005099663,Patiala,Mizoram,2024-03-21,5
31,Banjeet,Bose,Female,2003-06-25,mgola@example.org,6942811889,Madanapalle,Meghalaya,2023-04-25,5
32,Ekaraj,Nigam,Other,2007-07-03,urishillabasak@example.com,0506506801,Saharanpur,Manipur,2023-08-11,2
33,Matthew,Sama,Male,2002-03-27,ymanda@example.org,4004920447,Jehanabad,Telangana,2025-11-13,4
34,Netra,Khurana,Female,2008-07-04,uviswanathan@example.net,2560838161,Korba,Assam,2022-09-28,8
35,Chatresh,Naidu,Male,2006-07-21,warhinarayanan@example.com,3350311024,Bhavnagar,Bihar,2022-12-31,3
36,Deepa,Parikh,Male,2008-04-22,udant94@example.org,1197822323,Bhimavaram,Meghalaya,2024-03-02,6
37,Dhriti,Prabhakar,Other,2008-02-20,yashvihora@example.com,6503672558,Medininagar,Tamil Nadu,2026-01-18,4
38,Christopher,Desai,Other,2003-05-09,krishnapradhan@example.org,3907193536,Nagercoil,Meghalaya,2023-09-01,5
39,Indrajit,Sibal,Male,2005-12-25,ishaandixit@example.com,8039849271,Chapra,Bihar,2023-11-07,6
40,Gayathri,Parikh,Male,2006-06-15,kashishbalay@example.net,0666273509,Ujjain,Uttar Pradesh,2024-11-01,5
41,Brinda,Saran,Female,2007-09-05,hsrinivasan@example.com,2414794579,Raebareli,Madhya Pradesh,2025-06-03,5
42,Qabil,Sharma,Female,2004-05-01,timothy95@example.org,7311518217,Eluru,Himachal Pradesh,2024-11-20,7
43,Aarnav,Taneja,Other,2008-01-08,jyadav@example.com,7755132676,Hosur,Punjab,2024-12-18,7
44,Ridhi,Srivastava,Other,2005-03-27,dalbirkari@example.net,5400122660,Mysore,Gujarat,2023-10-31,1
45,Aditya,Sandal,Female,2001-07-09,agastyapradhan@example.com,6780083812,Malegaon,Uttarakhand,2022-12-27,1
46,Isha,Brahmbhatt,Male,2004-10-25,naruladavid@example.net,8280955733,Nizamabad,Chhattisgarh,2025-07-13,7
47,Sudiksha,Ramakrishnan,Other,2007-10-23,faqidkamdar@example.com,7249693946,Varanasi,Kerala,2025-04-20,3
48,Ranveer,Amble,Other,2007-01-05,jeevikabali@example.net,6753048771,Raiganj,West Bengal,2025-05-16,3
49,Mohini,Sharma,Male,2001-06-09,tooromaja@example.net,3339163801,Kalyan-Dombivli,Odisha,2023-05-23,7
50,Vamakshi,Sampath,Other,2007-06-18,bsaini@example.net,4954463056,Jamshedpur,Sikkim,2023-11-01,5
51,Wahab,Seshadri,Female,2003-12-17,shroffrudra@example.net,5030854477,Sultan Pur Majra,Uttarakhand,2025-09-28,2
52,Naksh,Chanda,Female,2008-01-17,gopaldipta@example.com,1669288698,Panchkula,Chhattisgarh,2025-04-11,1
53,Udant,Dara,Female,2001-10-09,bhargavaxiti@example.com,0161458095,Kottayam,Meghalaya,2025-06-27,7
54,Edhitha,Master,Other,2001-12-02,oscar73@example.net,9206885154,Karawal Nagar,Odisha,2022-10-25,1
55,Adya,Kapadia,Female,2002-02-06,amemon@example.org,7096576524,Aizawl,West Bengal,2024-06-30,6
56,Harish,Rajagopalan,Other,2006-12-01,shanrohan@example.org,2970613612,Kumbakonam,Goa,2026-02-19,7
57,Teerth,Gade,Female,2007-07-17,bhavanipillai@example.com,9079643152,Nadiad,Karnataka,2022-10-02,5
58,Upma,Samra,Male,2005-07-23,ridhi69@example.org,6305660035,Alwar,Chhattisgarh,2025-05-20,8
59,Chavvi,Sami,Other,2005-09-11,kashvinagarajan@example.org,9365106800,Karawal Nagar,Jharkhand,2025-04-03,3
60,Ria,Bhakta,Male,2000-08-02,amairagandhi@example.com,6030738842,Giridih,Sikkim,2023-04-20,3
61,Harshil,Bora,Other,2007-05-17,chanchal94@example.org,1979213233,Navi Mumbai,Rajasthan,2022-07-23,6
62,Jackson,Naik,Other,2003-03-16,wrege@example.com,7174006312,Bijapur,Jharkhand,2025-02-07,6
63,Yoshita,Oommen,Female,2003-02-13,shroffarin@example.net,4689598131,Bikaner,Manipur,2023-02-12,5
64,Daniel,Nair,Male,2002-01-23,balakrishnancharles@example.com,8193863441,Dharmavaram,Goa,2023-02-11,7
65,Vedika,Sastry,Female,2000-09-28,vgole@example.net,1730216406,Salem,Uttar Pradesh,2026-02-05,5
66,Saumya,Shetty,Male,2008-06-04,parekhchandran@example.net,6804300466,Siliguri,Odisha,2024-10-31,6
67,Vincent,Tella,Male,2007-04-09,vmohanty@example.net,9383048852,Aurangabad,Telangana,2022-09-12,7
68,Sanaya,Nayar,Other,2008-03-26,jranganathan@example.com,5039819517,Tumkur,Tamil Nadu,2026-05-12,2
69,Ekantika,Kar,Female,2008-05-08,paurachana@example.com,6106304331,Shimla,Tamil Nadu,2024-10-25,4
70,Ayushman,Batra,Other,2007-12-04,tagarwal@example.com,4053558986,Baranagar,Andhra Pradesh,2023-10-29,4
71,Yagnesh,Lata,Female,2001-06-23,raghavanyatan@example.net,6903107539,Tadepalligudem,West Bengal,2023-11-10,8
72,Hemani,Mitter,Other,2006-08-22,gavindeo@example.net,0332048361,Imphal,Odisha,2026-01-02,4
73,Vyanjana,Bora,Female,2008-01-24,fcherian@example.net,5965570039,Dewas,Goa,2025-12-07,4
74,Vansha,Balakrishnan,Other,2005-07-21,rehaan29@example.com,8832822843,Jehanabad,Sikkim,2023-08-04,4
75,Jeremiah,Borra,Male,2007-06-21,chadasimon@example.org,1117103220,Burhanpur,Uttarakhand,2025-08-02,5
76,Jagvi,Palla,Male,2008-07-03,tnanda@example.org,2441897635,Mira-Bhayandar,Karnataka,2022-10-24,5
77,Girish,Chaudhari,Female,2006-11-03,bainsyoshita@example.net,3026631995,Bathinda,Karnataka,2024-10-29,7
78,Indrajit,Ramachandran,Male,2007-07-26,isaiahandra@example.org,2177466993,Bathinda,Arunachal Pradesh,2025-03-14,3
79,Aarav,Morar,Female,2003-05-23,bhavna43@example.net,6374494912,North Dumdum,Bihar,2023-11-30,5
80,Aradhana,Devi,Other,2007-05-22,tankabhiram@example.com,1861740666,Lucknow,Gujarat,2025-01-20,6
81,Alka,Sharma,Other,2001-01-27,qabil02@example.org,4084388845,Aligarh,Haryana,2024-12-26,5
82,Simon,Nagy,Other,2005-07-05,srinivaschanchal@example.net,9306392592,Narasaraopet,West Bengal,2023-06-16,2
83,Vritti,Rajagopal,Female,2007-03-02,christopher33@example.net,9379076722,Coimbatore,Andhra Pradesh,2023-10-07,3
84,Vritti,Nath,Male,2003-12-25,pantdaniel@example.com,2709428663,Allahabad,Assam,2023-09-18,2
85,Eesha,Shenoy,Male,2006-08-06,fnagar@example.com,6801253670,Gwalior,Madhya Pradesh,2024-12-20,8
86,Diya,Bhatia,Female,2005-02-07,mraman@example.org,2362425755,Khora ,Manipur,2026-03-15,7
87,Maanav,Bawa,Other,2001-01-16,jsaha@example.net,3197864840,Thanjavur,Tamil Nadu,2026-05-01,8
88,Madhav,Ramachandran,Other,2003-12-27,teerth66@example.org,5582436409,Anand,Tamil Nadu,2023-07-05,6
89,Zayyan,Palan,Female,2003-09-23,asridhar@example.org,8193874873,Warangal,Manipur,2026-01-15,2
90,Luke,Rout,Female,2003-02-20,dsingh@example.org,7676849128,Jaipur,Andhra Pradesh,2026-01-01,6
91,Qasim,Chana,Male,2008-07-07,santradhika@example.com,5140259200,Lucknow,Manipur,2023-08-21,6
92,Faraj,Karan,Male,2006-06-06,girishborde@example.org,8873738455,Tenali,Nagaland,2022-10-19,2
93,Yahvi,Vyas,Male,2003-01-21,lsuri@example.net,3904879786,Katihar,Chhattisgarh,2026-05-11,5
94,Zayan,Varty,Other,2001-12-31,pillaytriveni@example.com,9001759712,Ujjain,Telangana,2026-03-01,6
95,Indira,Kapadia,Male,2002-11-23,chora@example.org,5912666821,Tumkur,Kerala,2026-03-07,4
96,Mugdha,Chokshi,Male,2007-12-17,aarinimane@example.com,9771001008,Surat,Sikkim,2023-10-15,1
97,Jason,Memon,Male,2007-06-24,michael37@example.net,0991051022,Sultan Pur Majra,Tamil Nadu,2024-02-21,8
98,Simon,Loyal,Female,2004-09-11,aradhanakari@example.com,7707428542,Orai,Karnataka,2026-04-13,1
99,Sarthak,Dada,Other,2005-11-01,ymalhotra@example.org,2004972523,Latur,Madhya Pradesh,2023-12-28,2
100,Upadhriti,Dhar,Male,2006-09-04,jgokhale@example.net,2645182452,Ramagundam,Kerala,2022-10-28,7
101,Bhavya,Trivedi,Male,2002-09-14,bediryan@example.net,9204283901,Tinsukia,Karnataka,2022-12-20,8
102,Vinaya,Iyer,Other,2003-01-18,eiravati28@example.net,0787373033,Kolhapur,Sikkim,2025-01-26,1
103,Imaran,Virk,Male,2001-04-18,deepa74@example.net,2947560644,Bhopal,Goa,2024-01-30,8
104,Sarthak,Dube,Male,2008-01-31,anirudh67@example.org,8965698063,Dhule,Assam,2024-02-27,2
105,Pavani,Wagle,Other,2007-05-30,vanyasur@example.com,1696744920,Bihar Sharif,Gujarat,2025-08-06,2
106,Lavanya,Garde,Male,2004-11-23,gsandhu@example.org,9047373509,Rourkela,Punjab,2024-07-20,2
107,Caleb,Sem,Other,2004-02-23,ekaraj97@example.com,0797938493,Kadapa,Mizoram,2024-02-10,3
108,Bhanumati,Oak,Female,2007-05-06,hanshredhaan@example.org,0764408820,Ulhasnagar,Karnataka,2024-11-22,7
109,Ronith,Guha,Other,2007-08-31,qatwal@example.org,1740018090,Kurnool,Andhra Pradesh,2024-02-20,6
110,Tanish,Kalla,Male,2001-05-24,nkadakia@example.net,4328668939,Nandyal,Andhra Pradesh,2026-03-18,5
111,Keya,Menon,Male,2003-06-04,ibhargava@example.org,1380796591,Tumkur,Bihar,2025-04-27,3
112,Kavya,Gara,Female,2007-10-25,gopalpingle@example.net,4138955975,Chandrapur,Rajasthan,2023-07-28,8
113,Upasna,D’Alia,Male,2002-06-29,kadakiayashawini@example.net,2482787398,Nandyal,West Bengal,2024-01-29,5
114,Hemani,Goswami,Male,2004-09-03,balendrasekhon@example.net,6244809838,Naihati,Assam,2023-01-14,8
115,Lakshmi,Bhardwaj,Male,2005-05-24,bhavini15@example.net,4795114416,Aurangabad,Telangana,2025-10-25,3
116,Alka,Tripathi,Other,2005-02-10,sastryhritik@example.net,0465712569,Nandyal,Maharashtra,2023-03-18,8
117,Ansh,Prabhu,Male,2001-11-02,ssur@example.org,0650046757,Bijapur,Kerala,2026-06-02,1
118,Vedika,Mahajan,Female,2004-05-31,sekhononi@example.org,8708129705,Madhyamgram,Telangana,2023-09-26,5
119,Abhiram,Chandra,Other,2002-12-29,xchoudhury@example.org,4620571703,Allahabad,Karnataka,2026-05-11,7
120,Aishani,Kadakia,Female,2008-05-03,kiaan42@example.org,3778930053,Jodhpur,Goa,2022-11-27,6
121,Faqid,Khatri,Other,2005-08-03,hmorar@example.com,5786425553,Eluru,Andhra Pradesh,2024-03-08,1
122,Lavanya,Chahal,Male,2006-02-14,abhayohannan@example.org,6743494896,Saharanpur,Manipur,2024-08-25,2
123,Madhav,Mahajan,Other,2007-05-21,battaanmol@example.org,8932236764,Latur,Goa,2024-05-17,8
124,Yachana,Madan,Female,2005-12-01,dewanoviya@example.org,2530957464,Aurangabad,Gujarat,2024-08-20,4
125,Ekansh,Mammen,Other,2007-06-17,handra@example.net,4138325499,Purnia,Mizoram,2025-03-19,6
126,Charles,Tank,Female,2006-04-19,atharvbajwa@example.org,1406924607,Hyderabad,Himachal Pradesh,2025-01-17,2
127,Aishani,Wason,Other,2005-05-26,qkothari@example.org,6531357634,Rourkela,Haryana,2026-04-21,7
128,Ayushman,Yohannan,Other,2005-04-20,tdeo@example.org,6233230993,Karawal Nagar,Himachal Pradesh,2024-11-03,7
129,Zansi,Wable,Other,2000-12-19,dayamai66@example.com,0926767118,Srinagar,Goa,2025-08-29,1
130,Zayyan,Sood,Other,2002-03-05,rattaisaac@example.net,4306077251,Danapur,Arunachal Pradesh,2026-02-21,6
131,Veer,Chaudhuri,Male,2006-05-31,xavier45@example.net,5272026875,Purnia,Nagaland,2023-12-12,5
132,Krisha,Din,Other,2006-04-03,pbal@example.com,1993813687,Vijayanagaram,Uttarakhand,2026-05-31,2
133,Nikita,Lalla,Other,2001-07-22,ramakrishnanzashil@example.com,3117826262,Mumbai,Tamil Nadu,2024-08-11,4
134,Zashil,Kibe,Male,2002-01-07,hayreanika@example.org,3452297154,Nanded,Chhattisgarh,2026-06-28,3
135,Girindra,Saran,Female,2002-08-25,baralchaaya@example.net,5061251042,Nandyal,Uttarakhand,2024-07-11,7
136,Imaran,Krishna,Other,2004-05-13,kapurdamini@example.net,3466988141,Nangloi Jat,Uttar Pradesh,2025-02-15,6
137,Rudra,Subramaniam,Female,2001-01-04,ptank@example.net,4458434217,Tinsukia,Andhra Pradesh,2025-05-15,7
138,Matthew,Narula,Female,2006-12-20,saanvi13@example.net,5868974485,Gandhinagar,Rajasthan,2023-01-15,6
139,Yuvraj,Raju,Male,2003-06-03,amuni@example.org,9679333611,Bidhannagar,Jharkhand,2025-02-04,6
140,Hitesh,Sem,Male,2007-09-08,lakshitnanda@example.org,2107424675,Avadi,Goa,2023-08-30,8
141,Nidhi,Sarraf,Female,2001-06-21,aaravprakash@example.net,1571655588,Panvel,Himachal Pradesh,2024-01-12,2
142,Andrew,Behl,Male,2001-05-18,mohinisetty@example.net,7229634056,Bhilai,Mizoram,2025-04-08,8
143,Samaksh,Luthra,Female,2005-04-06,xjani@example.com,9595994393,Pallavaram,Maharashtra,2023-11-19,7
144,Omya,Nagarajan,Female,2005-05-27,chari@example.org,5783350357,Arrah,Chhattisgarh,2023-11-21,7
145,Jagdish,Hans,Female,2002-01-10,sramakrishnan@example.org,5821891986,Ajmer,Goa,2024-10-09,8
146,Siddharth,Shere,Other,2000-10-18,abeer23@example.com,6258488114,Darbhanga,Himachal Pradesh,2022-08-03,1
147,Dhruv,Chanda,Female,2004-06-03,yochana19@example.com,1708964634,Pallavaram,Uttar Pradesh,2026-01-05,7
148,Abha,Sachar,Female,2002-02-15,dassjagat@example.com,1428597800,Jalgaon,Kerala,2023-05-07,6
149,Jonathan,Chand,Male,2000-09-19,agatesamuel@example.com,0237895885,Proddatur,Uttarakhand,2025-01-31,7
150,Gavin,Goswami,Male,2001-11-10,arjun96@example.com,2073282694,Udaipur,Himachal Pradesh,2025-05-15,6
151,Xavier,Butala,Male,2007-06-01,lrana@example.org,7029505717,Gandhidham,Arunachal Pradesh,2023-05-24,7
152,Urishilla,Swaminathan,Male,2007-01-23,varshanarula@example.org,0424037183,Jamalpur,Odisha,2025-10-08,5
153,Karan,Sood,Male,2003-02-06,aryanbutala@example.com,4025974274,Baranagar,Kerala,2023-05-29,8
154,Arunima,Magar,Other,2004-01-27,edwinzaid@example.org,0255684980,Madurai,Tamil Nadu,2026-03-12,6
155,Ojas,Devi,Male,2007-04-22,george01@example.com,0800599656,Kolhapur,Kerala,2025-10-25,4
156,Ishwar,Nanda,Male,2005-11-22,sanaya55@example.com,3579275477,Guntakal,Chhattisgarh,2023-01-26,6
157,Pallavi,Andra,Female,2006-08-15,msachdeva@example.net,2272982796,Ratlam,Tripura,2025-05-23,7
158,Aashi,Dutta,Female,2004-12-24,chakradhar94@example.net,8836811094,Vadodara,West Bengal,2025-06-02,7
159,Alexander,Kothari,Male,2004-03-21,robertsastry@example.com,3412150543,Faridabad,Arunachal Pradesh,2026-05-09,2
160,Zaitra,Singh,Female,2006-07-27,bariaati@example.org,1814502349,Madanapalle,Chhattisgarh,2024-01-29,3
161,Chaaya,Andra,Male,2008-03-05,jtiwari@example.com,9189929654,Salem,Meghalaya,2026-03-29,2
162,Ayaan,Bajaj,Male,2003-09-21,onadkarni@example.net,0897151647,Kishanganj,Uttarakhand,2023-10-14,2
163,Zayan,Banerjee,Female,2004-03-07,christopher46@example.org,5696608841,Vadodara,Assam,2022-11-28,5
164,Chanchal,Rai,Female,2003-03-30,biswasati@example.net,1293056115,Ahmednagar,Kerala,2024-12-14,8
165,Saumya,Kalita,Male,2007-08-17,kumervedika@example.org,7867071109,Danapur,Assam,2025-08-21,6
166,Dalbir,Sachdev,Female,2006-04-23,max77@example.net,2396775445,North Dumdum,Karnataka,2022-11-29,3
167,Oviya,Behl,Other,2004-01-08,ngole@example.com,3175752865,Jalandhar,Manipur,2026-02-07,4
168,Christopher,Mani,Other,2003-10-30,lilashah@example.net,6335068200,Kalyan-Dombivli,Chhattisgarh,2024-09-27,4
169,Raksha,Sibal,Female,2000-08-24,ramanathanadvika@example.org,4756266799,Tenali,Chhattisgarh,2022-11-15,4
170,Dhruv,Mittal,Male,2008-01-18,gabamaanas@example.org,1007579408,Kulti,Manipur,2024-08-24,5
171,Yashvi,Mukhopadhyay,Male,2006-01-18,surbhavini@example.com,3619548823,Loni,Himachal Pradesh,2025-04-14,4
172,Suhani,Sengupta,Male,2002-01-02,varshagoswami@example.net,1141131965,Agra,Haryana,2024-12-21,4
173,Aradhana,Sangha,Other,2003-01-27,varmagirindra@example.net,2855527710,Tiruvottiyur,Kerala,2024-05-14,8
174,Qarin,Suri,Male,2003-10-23,yvarty@example.com,5970000576,Kota,West Bengal,2023-11-23,5
175,Robert,Goel,Male,2002-11-25,subramanianmitesh@example.org,5329009134,Ambattur,Uttarakhand,2024-06-09,1
176,Vedant,Jayaraman,Male,2001-12-22,naksh04@example.org,5556245185,Vasai-Virar,Tamil Nadu,2023-05-21,1
177,Chasmum,Keer,Other,2006-06-10,chadajason@example.com,4766226386,Kollam,Rajasthan,2023-10-01,1
178,Vritti,Tailor,Male,2008-01-04,okara@example.com,1398027128,Fatehpur,Jharkhand,2024-12-14,7
179,Pavani,Comar,Female,2007-05-06,neelbarad@example.com,6324586494,Rourkela,Jharkhand,2024-03-21,3
180,Vasudha,Nadig,Other,2003-08-27,ishwarprabhu@example.net,3616165651,Anantapuram,Goa,2024-05-17,7
181,Avi,Contractor,Female,2007-11-13,zaid63@example.net,9880871048,Kanpur,Bihar,2022-09-10,3
182,Qadim,Amble,Male,2002-06-11,arjunsalvi@example.net,9777836147,Panihati,Tamil Nadu,2022-10-04,1
183,Yutika,Choudhury,Female,2004-02-24,samrasaumya@example.net,6527812215,Durgapur,Assam,2022-07-30,3
184,Lakshmi,Wadhwa,Female,2002-11-29,ewagle@example.org,0475795755,Durg,Telangana,2024-02-22,2
185,Nitesh,Ramesh,Female,2003-04-30,vincentdixit@example.org,6588737687,Bhilai,Andhra Pradesh,2025-06-09,6
186,Vivaan,Murty,Male,2002-02-20,smurty@example.com,8985404030,Kanpur,Karnataka,2023-09-21,3
187,Leela,Oak,Other,2003-12-31,nandini91@example.com,4551678155,Khammam,Himachal Pradesh,2022-11-10,6
188,Shivansh,Tripathi,Other,2000-10-09,girikmuni@example.org,8707900473,Thoothukudi,Telangana,2025-02-26,8
189,Kevin,Sengupta,Male,2003-04-11,harinakshigarg@example.org,9266317584,Vadodara,Rajasthan,2026-02-26,7
190,Zansi,Tandon,Male,2006-06-01,dashhamsini@example.com,2265041011,Vijayawada,Goa,2024-06-25,6
191,Vanya,Pai,Male,2002-02-22,pandeyqadim@example.net,5296711127,Bidhannagar,Telangana,2025-05-25,7
192,Amaira,Dara,Male,2003-08-10,ayushman61@example.com,5415930713,Mau,Jharkhand,2024-05-16,6
193,Madhav,Hora,Male,2005-04-19,gayathri81@example.com,8101253941,Pudukkottai,Haryana,2022-09-13,3
194,Chakradhar,Chaudry,Other,2007-05-13,atichand@example.com,4067664490,Amaravati,Sikkim,2026-05-16,7
195,Chandresh,Aggarwal,Other,2007-11-29,revabali@example.org,9602109833,Tiruppur,Himachal Pradesh,2025-07-03,1
196,Jhalak,Narula,Female,2001-08-06,ybora@example.com,4981267927,Gudivada,Madhya Pradesh,2022-10-06,6
197,Devansh,Naik,Male,2005-09-10,neel49@example.com,5852950948,Mau,Karnataka,2023-04-04,1
198,Karan,Mukherjee,Female,2003-07-30,nazarethekantika@example.net,3764904992,Uluberia,Rajasthan,2023-08-09,6
199,Harini,Sahni,Female,2006-05-08,jairaj71@example.net,4435437032,Tiruppur,Kerala,2024-01-08,6
200,Hredhaan,Ghose,Male,2004-01-20,lohit97@example.com,5713525645,Alwar,Nagaland,2026-05-27,4
201,Gaurangi,Chaudry,Female,2004-09-05,lkeer@example.net,6169056808,Sonipat,Himachal Pradesh,2024-11-29,5
202,Neelima,Desai,Male,2001-06-01,samarthhalder@example.net,6423560556,Kurnool,Meghalaya,2026-03-20,6
203,Radhika,Narayan,Male,2003-12-22,ayushdutt@example.com,5424657072,Ambala,Madhya Pradesh,2026-01-22,3
204,Jai,Kanda,Female,2001-04-23,bhavinirama@example.org,8025346670,Gorakhpur,Himachal Pradesh,2024-01-28,2
205,Kashvi,Varty,Other,2007-01-26,rajanhema@example.com,6887356523,Berhampore,Chhattisgarh,2023-11-06,4
206,Aradhana,Nori,Male,2006-06-04,tejasnayak@example.com,2202163647,Mehsana,Arunachal Pradesh,2022-08-10,4
207,Ridhi,Rau,Male,2004-02-21,igoel@example.com,6201270588,Kakinada,Odisha,2023-09-14,6
208,Yug,Kata,Other,2006-10-10,nsem@example.org,9506975314,Raipur,West Bengal,2022-08-14,4
209,Pranit,Sachdev,Other,2003-01-28,christopher80@example.org,5927636164,Begusarai,Telangana,2024-11-22,2
210,Dalbir,Om,Female,2007-08-24,rbose@example.com,7959159400,Eluru,Tamil Nadu,2025-01-25,5
211,Saanvi,Sampath,Female,2007-08-11,anvi01@example.net,8045759535,Siliguri,Karnataka,2024-11-20,3
212,Mohini,Kala,Female,2007-02-12,kalitaanmol@example.org,8208683317,Nanded,Manipur,2022-09-05,6
213,Prisha,Sarkar,Male,2003-07-30,jagrati58@example.org,0035603037,Kochi,Mizoram,2025-04-15,2
214,Arya,Borah,Female,2007-09-14,bahrizarna@example.net,4673065673,Ballia,Uttar Pradesh,2023-05-13,2
215,Jacob,Brahmbhatt,Other,2002-02-06,vedhika17@example.net,6323601833,Sasaram,Maharashtra,2023-03-23,5
216,Warhi,Nori,Other,2008-04-23,sidhuqushi@example.com,3359918064,Rajkot,Assam,2022-07-18,3
217,Siddharth,Nadig,Female,2006-09-27,trivedipahal@example.org,6952638277,Hindupur,Kerala,2024-06-21,1
218,Dhriti,Trivedi,Male,2007-05-21,dakshatara@example.org,6938833840,Shahjahanpur,Sikkim,2026-05-31,7
219,Triya,Pandit,Other,2006-11-05,aarna31@example.org,5410783111,Bhalswa Jahangir Pur,Madhya Pradesh,2022-10-09,3
220,Madhavi,Bal,Female,2004-10-07,natarajanvincent@example.com,4000190888,Gaya,Kerala,2022-07-31,5
221,Vasudha,Comar,Other,2002-07-05,mmohanty@example.com,9040115953,Ballia,Sikkim,2024-07-26,5
222,Chatresh,Kamdar,Other,2001-01-22,mitali92@example.net,7466927542,Sirsa,Assam,2024-05-15,5
223,Chanakya,Dhingra,Female,2002-10-22,fariqmukherjee@example.org,7567142834,Rourkela,Karnataka,2026-02-12,2
224,Henry,Oza,Male,2004-01-27,lbose@example.org,8672790996,Noida,Punjab,2025-12-04,2
225,Yug,Memon,Male,2008-05-24,qadimsabharwal@example.com,3638574313,Miryalaguda,Telangana,2022-12-12,2
226,Varenya,Khosla,Male,2006-08-20,meghana90@example.net,1557878046,Tadepalligudem,Madhya Pradesh,2025-03-03,2
227,Devika,Mohanty,Female,2004-10-26,rastogiavni@example.org,5976986003,Sri Ganganagar,Mizoram,2023-05-29,6
228,Reva,Grewal,Other,2005-07-28,jbalakrishnan@example.com,4950724809,Thoothukudi,Sikkim,2023-11-02,6
229,Jason,Bajaj,Female,2002-04-30,nitara63@example.net,0967981802,Tiruvottiyur,Himachal Pradesh,2026-03-18,8
230,Orinder,Mangal,Other,2000-09-23,amangat@example.org,5993332851,Jamalpur,Maharashtra,2022-08-28,6
231,Ganga,Acharya,Male,2002-01-28,upkaarkaran@example.net,0631087131,Nanded,Andhra Pradesh,2024-06-04,1
232,Riya,Chada,Male,2001-02-02,parikhjeevika@example.org,6302830530,Bhiwani,Nagaland,2025-08-10,8
233,Saumya,Dhar,Other,2000-09-11,sbora@example.com,7761589082,Kanpur,Bihar,2022-12-27,2
234,Mugdha,Krishnan,Female,2002-09-17,jairajsur@example.org,6521673001,Malegaon,Sikkim,2024-11-22,2
235,Dakshesh,Badami,Male,2003-01-04,anita38@example.org,7452998646,Hindupur,Himachal Pradesh,2023-02-18,4
236,Laban,Apte,Male,2004-08-19,rbalakrishnan@example.net,5515123092,Sikar,Tripura,2025-05-31,6
237,Girindra,Patel,Male,2001-05-18,vborde@example.org,2992912382,Naihati,Odisha,2023-01-14,5
238,Udant,Saini,Male,2008-02-16,gopalnitesh@example.com,7112536546,Tezpur,Rajasthan,2024-02-26,8
239,Pushti,Sarraf,Other,2002-09-20,mishraeiravati@example.com,3461943268,Jamnagar,Goa,2024-09-10,8
240,Owen,Borah,Other,2004-07-31,nachiket09@example.com,5481717404,Aurangabad,Maharashtra,2025-03-27,6
241,Radha,Shah,Other,2005-05-16,yash92@example.org,7766476580,Bhalswa Jahangir Pur,Odisha,2023-10-06,6
242,Aadhya,Dutt,Other,2007-07-18,gabachandani@example.net,6949584747,Shivpuri,Meghalaya,2025-11-24,3
243,Qushi,Krish,Male,2007-07-27,mittalrajeshri@example.org,0737945066,Jhansi,Himachal Pradesh,2023-11-26,5
244,Wridesh,Parsa,Other,2005-03-18,prai@example.net,8407917604,Rampur,Maharashtra,2024-08-29,4
245,Chaitanya,Vasa,Male,2007-11-26,aarushwable@example.net,9039173339,Suryapet,Karnataka,2023-12-03,5
246,Yashodhara,Nath,Female,2000-09-30,surajyoti@example.org,4535799019,Bhopal,Nagaland,2025-07-07,3
247,Zaid,Divan,Male,2005-11-29,abhimanyu98@example.com,8034367343,Cuttack,Uttarakhand,2024-05-24,3
248,Oni,Wali,Female,2004-08-05,xkrishnan@example.net,0135390508,Asansol,Madhya Pradesh,2023-05-18,1
249,Gayathri,Prakash,Other,2002-10-15,patilwilliam@example.org,5208946641,Nagercoil,Maharashtra,2025-03-11,8
250,Azad,Sen,Female,2007-04-02,hpalan@example.org,4428367485,Hyderabad,Madhya Pradesh,2022-10-20,5
251,Madhavi,Batra,Other,2006-11-30,nchopra@example.org,9073873465,Phusro,Himachal Pradesh,2026-03-14,1
252,Anthony,Kara,Male,2001-08-20,farya@example.net,6545549603,Medininagar,Assam,2026-04-23,7
253,Unnati,Amble,Male,2006-07-27,emukhopadhyay@example.com,2519684907,Rajahmundry,Nagaland,2022-12-02,1
254,Amrita,Vora,Female,2006-04-28,ridhigill@example.net,1183209294,Kollam,Andhra Pradesh,2023-08-10,1
255,Aishani,Rana,Male,2002-04-26,lucky94@example.org,5470563480,Kolkata,Rajasthan,2024-04-04,7
256,Anika,Mandal,Other,2007-04-25,jacobkapur@example.org,8622893697,Miryalaguda,Haryana,2022-11-27,4
257,Jai,Vohra,Female,2004-08-21,anyakara@example.org,0303595749,Rajahmundry,Manipur,2022-12-19,2
258,Tanish,De,Male,2005-01-04,comarneelima@example.com,0790014472,Gandhidham,Jharkhand,2023-01-25,2
259,Ekaraj,Koshy,Other,2004-02-16,nathanielvarghese@example.net,5504903119,Bhilai,Punjab,2024-11-13,4
260,Guneet,Bhat,Other,2001-04-25,lopashah@example.net,4826844214,Sambalpur,Goa,2022-09-18,8
261,Omaja,Chada,Male,2002-10-06,imaran93@example.org,8106495572,Bhind,Rajasthan,2025-07-21,2
262,Baljiwan,Singhal,Male,2003-08-03,chaudhariamol@example.org,5137705290,Karawal Nagar,Tripura,2022-12-19,3
263,Abdul,Bhatti,Male,2003-04-26,alanka@example.org,8070413789,Mahbubnagar,Tamil Nadu,2022-09-18,6
264,Nikita,Palan,Other,2006-08-03,cpatel@example.net,6314344680,Bahraich,Maharashtra,2025-09-30,7
265,Jeet,Purohit,Other,2006-08-05,matthewlala@example.net,0892439326,Kavali,Chhattisgarh,2026-03-27,5
266,Hitesh,Narang,Male,2004-08-04,kamya25@example.net,1684682426,Patiala,Uttarakhand,2024-04-23,2
267,Imaran,Srinivasan,Male,2007-12-15,noahshankar@example.net,0117336811,Vijayawada,Rajasthan,2025-07-14,3
268,Upadhriti,Naidu,Male,2001-08-29,laban83@example.com,8108015676,Imphal,Sikkim,2026-01-07,7
269,Dipta,Madan,Female,2007-05-13,yashoda73@example.com,1584485569,Katni,Telangana,2022-09-01,5
270,Jai,Palan,Male,2002-11-16,ikapadia@example.org,2719226911,Bhusawal,Madhya Pradesh,2025-05-02,4
271,Eshana,Comar,Other,2007-03-12,yreddy@example.com,6906540867,Thane,Jharkhand,2024-03-11,1
272,Bhanumati,Bhattacharyya,Male,2004-03-10,barkhapai@example.org,4090680001,Haldia,Manipur,2025-06-02,5
273,Deepa,Padmanabhan,Other,2003-03-12,wriddhish69@example.org,2944176132,Bhatpara,Meghalaya,2023-04-10,4
274,Bhavika,Thakkar,Male,2007-12-17,lakshitkade@example.net,8714379596,Kirari Suleman Nagar,Sikkim,2024-09-22,5
275,Kai,Malhotra,Other,2001-04-16,bkata@example.net,4963578907,Bikaner,Gujarat,2024-03-16,5
276,Bakhshi,Bora,Male,2005-10-03,theodoregrewal@example.net,6425022474,Sultan Pur Majra,Nagaland,2025-09-18,6
277,Ekansh,Desai,Other,2005-12-04,atharv83@example.net,8083334156,Kolhapur,Uttarakhand,2024-08-05,8
278,Jonathan,Wagle,Male,2007-11-02,issacmohini@example.com,1280816365,Bhilai,Assam,2023-08-20,8
279,Aashi,Dave,Other,2007-06-07,yauvani88@example.com,0253903733,Bhatpara,Telangana,2024-12-07,5
280,Maanav,Patil,Other,2002-01-29,ekrishnamurthy@example.org,7635391209,Panipat,West Bengal,2022-08-03,2
281,Ayaan,Upadhyay,Male,2005-08-05,binasahota@example.net,6592773356,Thiruvananthapuram,Tripura,2022-08-22,8
282,Ranveer,Desai,Male,2001-11-23,owen51@example.org,0837686671,Farrukhabad,Bihar,2022-09-08,7
283,Pavani,Magar,Female,2004-04-12,vatwal@example.org,2679500006,Srinagar,Andhra Pradesh,2022-09-11,6
284,Qushi,Misra,Other,2008-03-31,ekbal43@example.net,1123949651,Dhanbad,Kerala,2025-01-02,7
285,Varenya,Dixit,Female,2007-10-24,zmishra@example.net,2528395313,Raichur,Mizoram,2024-02-08,4
286,Indali,Gokhale,Other,2006-10-22,theodore28@example.org,4939301532,Ajmer,Bihar,2024-03-01,6
287,Chandani,Kota,Female,2003-09-22,reyansh41@example.com,7018864161,Jhansi,Madhya Pradesh,2026-02-08,3
288,Jeet,Bava,Other,2001-09-16,imaran17@example.com,8660374738,Malegaon,Tripura,2025-09-25,1
289,Mahika,Joshi,Female,2004-01-01,falak07@example.org,1126516614,Danapur,Chhattisgarh,2025-09-08,2
290,Vrinda,Munshi,Male,2007-10-29,jnigam@example.com,6044514586,Vasai-Virar,Haryana,2025-03-01,4
291,Vrishti,Suri,Male,2002-01-16,pallapooja@example.org,4268334923,Nandyal,Haryana,2024-06-08,6
292,Yasti,Chaudhuri,Female,2006-12-25,ikarpe@example.org,3581961084,Hubli–Dharwad,Himachal Pradesh,2024-12-09,5
293,Kai,Puri,Female,2006-08-05,harshsampath@example.net,8916074356,Tumkur,Tamil Nadu,2025-07-01,7
294,Faris,Toor,Other,2004-12-13,qraj@example.com,7146414470,Eluru,Andhra Pradesh,2025-02-03,6
295,Jeet,Mammen,Male,2000-08-31,waidaram@example.org,6313698708,Bhimavaram,Kerala,2022-07-23,1
296,Udyati,Rastogi,Other,2007-04-10,hsampath@example.org,7006935068,Shahjahanpur,Uttarakhand,2025-09-02,5
297,Damyanti,Tank,Female,2003-06-08,goeleiravati@example.org,2361056549,Bhind,Chhattisgarh,2024-12-20,1
298,Advika,Bhargava,Male,2004-02-22,darpandube@example.org,0432904083,Bhilwara,Tripura,2024-11-19,1
299,Laksh,Prashad,Other,2005-04-04,rehaan90@example.org,3209085958,Guntakal,Madhya Pradesh,2026-01-03,6
300,Ryan,Saraf,Male,2004-02-28,chamelidube@example.com,4271246596,Anantapuram,Himachal Pradesh,2022-10-17,4
301,Krishna,Goda,Male,2002-05-26,lkala@example.net,8842829941,Durgapur,Haryana,2024-05-13,7
302,Kashvi,Ganguly,Other,2004-11-15,ronith44@example.net,6913872562,Dibrugarh,Sikkim,2024-09-20,8
303,Tripti,Kar,Other,2005-07-13,ishaansarin@example.com,2318505635,Bahraich,Tamil Nadu,2025-09-14,5
304,Oscar,Dixit,Other,2006-02-25,sooddipta@example.net,4346623187,Panihati,Odisha,2024-02-07,8
305,Kevin,Apte,Female,2002-03-12,kibevictor@example.net,1736515761,Katni,Himachal Pradesh,2024-07-14,7
306,Tanmayi,Srivastava,Male,2004-01-10,kdayal@example.org,3954383020,Arrah,Rajasthan,2024-10-29,3
307,Aarna,Goswami,Other,2005-05-17,dpuri@example.com,4159043111,Hazaribagh,West Bengal,2023-03-03,4
308,Krisha,Banerjee,Other,2005-12-20,zashil30@example.org,2142599205,Madurai,Telangana,2024-04-09,6
309,Bhavini,Tiwari,Male,2007-12-25,shravyabhagat@example.net,7109730025,Ambarnath,Uttar Pradesh,2023-09-13,6
310,Joshua,Magar,Male,2003-02-17,frado77@example.net,4296282293,Katihar,Manipur,2024-02-10,4
311,Lajita,Balakrishnan,Male,2005-01-06,tanishvarkey@example.com,5710171054,Buxar,Madhya Pradesh,2025-02-18,2
312,Anay,Madan,Other,2002-09-14,balakrishnanvincent@example.net,3344951159,Alwar,Karnataka,2026-04-27,8
313,Ikbal,Bhatti,Male,2003-07-26,yohannaneta@example.com,9592158998,Tadipatri,Jharkhand,2024-05-13,5
314,Sara,Sen,Female,2004-07-10,logandasgupta@example.com,5451707680,Raipur,Nagaland,2026-07-14,3
315,Bahadurjit,Upadhyay,Female,2001-04-29,fkapoor@example.com,8355326258,Darbhanga,Haryana,2023-06-04,5
316,Lavanya,Khosla,Other,2007-12-08,fkar@example.org,6871657254,Gaya,Chhattisgarh,2023-01-07,4
317,Manbir,Sengupta,Female,2004-04-07,devirachit@example.org,9925591827,Ichalkaranji,Gujarat,2022-10-05,4
318,Ria,Dasgupta,Male,2008-02-27,smandal@example.com,5461444728,Kakinada,Goa,2026-02-20,5
319,Veer,Shankar,Male,2007-04-29,vincentbadami@example.com,2740783218,Karawal Nagar,Uttar Pradesh,2026-04-16,1
320,Warinder,Chander,Female,2002-01-27,edwinnilima@example.net,3909535553,Patna,Kerala,2022-10-08,6
321,Yachana,Setty,Male,2002-10-25,kuruvillaanthony@example.net,6121206811,Madhyamgram,Gujarat,2024-08-02,5
322,Jairaj,Maharaj,Female,2001-10-02,snatt@example.com,9244203170,Haldia,Manipur,2022-10-08,2
323,Parth,Taneja,Male,2004-08-02,krishanaidu@example.com,8014444842,Nangloi Jat,Telangana,2022-12-09,5
324,Jonathan,Hora,Male,2008-06-12,duafariq@example.com,2036299349,Solapur,Meghalaya,2023-06-06,6
325,Mitesh,Dass,Male,2006-05-11,zaitrakumar@example.org,3044364560,Kozhikode,Maharashtra,2026-04-08,8
326,Barkha,Sinha,Other,2005-03-28,qloyal@example.com,2046820048,Nangloi Jat,Jharkhand,2024-02-29,2
327,Aarna,Nadkarni,Male,2001-12-02,dugalekaja@example.org,6130654603,Tiruchirappalli,Sikkim,2025-10-08,4
328,Anthony,Bansal,Female,2008-02-09,shethyoshita@example.org,5321378087,Tiruchirappalli,Uttar Pradesh,2024-05-27,4
329,Jagdish,Sant,Male,2006-07-20,gabriel96@example.org,7406730374,Purnia,Bihar,2023-07-07,8
330,Manthan,Ramanathan,Other,2004-01-01,ssehgal@example.com,6409240427,Munger,Mizoram,2022-10-02,6
331,Samesh,Kade,Other,2004-08-17,suhani34@example.net,3907556715,Ghaziabad,Assam,2025-10-03,2
332,Samesh,Bhalla,Female,2003-12-17,khoslalajita@example.com,6971017538,Nagaon,Madhya Pradesh,2025-03-05,5
333,Zinal,Goda,Male,2003-03-13,janaki06@example.net,3543870511,Phagwara,Tamil Nadu,2024-02-12,7
334,Widisha,Hora,Other,2004-08-17,hayernidra@example.com,4141965767,Bidar,Mizoram,2026-05-31,3
335,Yahvi,Kannan,Other,2000-07-22,laban29@example.org,5165701838,Ahmednagar,Sikkim,2024-12-01,7
336,Upkaar,Butala,Other,2004-08-21,lokenidra@example.org,5288055832,Sri Ganganagar,Tripura,2024-02-01,7
337,Darpan,Kulkarni,Other,2000-08-26,rishi12@example.com,3606221066,Etawah,West Bengal,2022-08-12,5
338,Andrew,Nigam,Other,2007-07-03,oshanker@example.com,8218085688,Nashik,Maharashtra,2026-02-12,1
339,Frado,Gupta,Other,2003-05-03,siyadhar@example.org,2948854040,Danapur,Bihar,2024-07-21,6
340,Pavani,Sen,Male,2005-08-28,chakrabartiindali@example.org,4582154124,Hajipur,Nagaland,2022-10-24,4
341,Tara,Nadig,Female,2003-03-24,horaekta@example.net,9832753001,Alappuzha,Haryana,2024-03-03,7
342,Lekha,Karnik,Other,2003-05-03,neha59@example.net,1412066453,Ghaziabad,Tamil Nadu,2024-05-29,4
343,Fiyaz,Talwar,Male,2004-11-29,ysampath@example.com,5522534162,Burhanpur,Sikkim,2025-01-18,1
344,Onveer,Karan,Male,2002-05-29,varugheseraagini@example.org,7080030144,Naihati,Madhya Pradesh,2023-01-18,8
345,Yashawini,Hans,Male,2005-10-08,uchacko@example.com,0860197735,Nangloi Jat,Tripura,2023-07-07,4
346,Parth,Sinha,Female,2008-04-02,subramaniamchaman@example.net,3869370079,Nagercoil,Kerala,2023-01-02,7
347,Wazir,Devi,Other,2005-01-18,zarna63@example.net,7066236224,Unnao,Gujarat,2024-10-28,6
348,Niharika,Narayan,Other,2004-10-02,abhiram01@example.net,7507874508,Ahmednagar,Uttar Pradesh,2023-08-02,5
349,Prisha,Sharma,Other,2001-09-02,wardarajagopalan@example.org,5875636577,Chandrapur,Haryana,2023-08-11,5
350,Ekbal,Tak,Male,2001-05-23,qpalla@example.com,9578434981,Haridwar,Andhra Pradesh,2025-07-05,2
351,Mugdha,Baria,Other,2001-01-15,sacharchandresh@example.com,6341667470,Durg,Rajasthan,2025-10-10,7
352,Karan,Sidhu,Other,2001-04-27,ranakala@example.com,4098479945,Bharatpur,Punjab,2026-02-16,8
353,Timothy,Dugar,Male,2006-09-09,zinal04@example.net,0582480992,Bathinda,Himachal Pradesh,2026-04-19,4
354,Faris,Nagarajan,Male,2007-01-13,ramachandranvincent@example.com,6262672751,Vadodara,Andhra Pradesh,2025-06-25,3
355,Dipta,Saran,Female,2006-02-28,lallajai@example.org,0654693873,Panchkula,Andhra Pradesh,2022-09-20,4
356,Pushti,Bal,Female,2004-04-23,manbir89@example.net,0369472753,Nanded,Sikkim,2026-04-21,7
357,Hamsini,Seth,Other,2005-05-01,darpanbuch@example.net,2329135974,Alappuzha,Arunachal Pradesh,2023-03-14,1
358,Kashvi,Kalla,Male,2001-12-16,bansalbalhaar@example.com,3448046067,Thrissur,Goa,2023-12-19,5
359,Ayush,Krish,Male,2002-06-09,ishwar85@example.org,3838511669,Nadiad,Bihar,2022-08-23,7
360,Victor,Suri,Other,2008-04-09,pcomar@example.org,0747002448,Patna,Chhattisgarh,2022-10-29,3
361,Kabir,Narayan,Male,2002-03-14,georgevig@example.org,4897735242,Indore,Goa,2024-09-15,8
362,Wyatt,Dave,Male,2000-07-29,sodhizehaan@example.org,7959821621,Ratlam,Uttarakhand,2023-11-05,1
363,Urishilla,Bedi,Other,2001-04-10,pairiya@example.org,5933351880,Hospet,West Bengal,2023-04-22,5
364,Nathaniel,Narain,Male,2004-05-29,dateindali@example.com,3651724315,Kirari Suleman Nagar,Assam,2022-08-02,4
365,Charles,Vyas,Male,2002-12-09,hemanginipatel@example.com,5480724405,Ujjain,Uttar Pradesh,2023-04-01,6
366,Om,Tiwari,Female,2003-02-10,atharv88@example.org,9862564243,Salem,Jharkhand,2026-02-24,1
367,Chaitaly,Chand,Female,2000-10-31,yashasvi85@example.org,8863418648,Sasaram,Meghalaya,2025-05-06,4
368,Parth,Uppal,Male,2000-12-03,tsubramanian@example.net,4614277904,Khammam,Chhattisgarh,2022-09-06,1
369,Yagnesh,Mammen,Female,2007-11-01,mangalekaraj@example.com,4312621551,Pali,Haryana,2024-08-11,5
370,Oeshi,Dhar,Male,2000-08-02,balendra05@example.net,6681757200,Tadipatri,Kerala,2025-08-15,1
371,Max,Deep,Male,2008-06-06,wridesh74@example.net,0078993474,Raichur,Chhattisgarh,2026-04-03,1
372,Madhavi,Prabhakar,Male,2002-04-16,bhavikagaba@example.net,4510943062,Giridih,Manipur,2023-09-15,3
373,Hardik,Hans,Male,2006-08-19,zansiprasad@example.com,5285476866,Buxar,Tamil Nadu,2024-12-22,4
374,Lopa,Panchal,Other,2005-12-04,dakshgulati@example.net,9398293710,Pondicherry,Bihar,2022-08-29,8
375,Raghav,Bhatti,Male,2003-02-10,rayaanshere@example.org,1381340606,Adoni,Manipur,2025-09-08,3
376,Omaja,Contractor,Male,2007-05-17,fmadan@example.com,4623972544,Patiala,Mizoram,2023-06-22,5
377,Deepa,Chana,Male,2002-09-21,eguha@example.org,9692580808,Guwahati,Maharashtra,2024-04-30,2
378,Advika,Tiwari,Other,2004-11-23,girik60@example.com,1273612773,Vadodara,Chhattisgarh,2024-03-04,1
379,Jeevika,Krish,Female,2007-07-25,yochana62@example.com,9252234311,Alappuzha,Chhattisgarh,2025-09-18,6
380,Advaith,Agrawal,Female,2007-01-02,bhaktaosha@example.com,9792546948,Bhiwani,Punjab,2023-11-06,1
381,Rachit,Mahajan,Female,2001-10-22,surimichael@example.net,6551071076,Bokaro,Karnataka,2022-11-21,3
382,Onkar,Bhatia,Female,2002-08-17,upau@example.org,5302494456,Khammam,Assam,2024-07-01,8
383,Warinder,Jani,Male,2002-02-22,veer91@example.org,3761466383,Madanapalle,Uttarakhand,2024-10-01,3
384,Ekiya,Gupta,Other,2005-10-18,shenoyladli@example.net,6809220334,Salem,Haryana,2023-03-25,7
385,Chaaya,Wagle,Female,2005-04-25,bsaha@example.com,7351165149,Bhusawal,Meghalaya,2025-02-07,4
386,Benjamin,Setty,Other,2003-02-19,sgade@example.net,4365335644,Morena,Nagaland,2024-11-17,8
387,Jagrati,Mistry,Female,2006-10-03,kdalia@example.org,7791097375,Aurangabad,Jharkhand,2025-01-27,4
388,Januja,Choudhary,Other,2004-12-31,samuelchadha@example.net,9804093996,Bardhaman,Himachal Pradesh,2023-10-21,3
389,Gayathri,Rout,Female,2007-02-21,sanya79@example.org,4782736227,Bhagalpur,Uttarakhand,2025-10-21,4
390,Mitali,Roy,Male,2002-04-27,nirjabhargava@example.net,5695156608,Dhanbad,Uttar Pradesh,2023-09-13,4
391,Quincy,Kibe,Female,2006-08-24,ydevan@example.net,2666137463,Barasat,Karnataka,2024-02-24,7
392,Raagini,Bail,Other,2004-11-26,krishpuri@example.org,3396856434,Salem,Rajasthan,2025-07-30,2
393,Indali,Om,Male,2000-10-13,vartymeghana@example.net,0287884469,Bahraich,Himachal Pradesh,2025-11-22,2
394,Omya,Bali,Other,2005-05-25,suhanichopra@example.net,7925254617,Faridabad,Goa,2023-04-30,7
395,Neelima,Chhabra,Other,2001-07-15,waglejonathan@example.org,1047429362,Meerut,Manipur,2023-01-19,2
396,Vritti,Batta,Other,2004-03-16,parmeryachana@example.org,3517724421,Bidhannagar,Mizoram,2024-02-21,2
397,Sachi,Kibe,Other,2008-04-26,taramannan@example.net,7540635962,Ulhasnagar,Andhra Pradesh,2025-04-19,4
398,Alka,Ben,Other,2008-04-07,maanav42@example.com,0790868518,Bettiah,Goa,2022-10-04,8
399,Yashasvi,Keer,Male,2005-05-19,qchowdhury@example.org,9087796785,Begusarai,Maharashtra,2026-06-03,4
400,Harita,Aurora,Other,2007-01-20,zbanerjee@example.com,2944008718,Howrah,West Bengal,2025-08-11,6
401,Aradhana,Anne,Other,2008-04-01,ansh28@example.net,2007792017,Bahraich,Telangana,2025-02-28,1
402,Shivansh,Mitter,Other,2006-04-15,saranijaya@example.net,1733761278,Aligarh,Maharashtra,2022-09-23,2
403,Dhriti,Bhatt,Other,2008-07-09,qsaha@example.net,1448857635,Agartala,Bihar,2025-10-06,8
404,Gayathri,Chaudhry,Male,2002-12-27,bailnoah@example.com,7671737787,Bhopal,Nagaland,2026-04-13,8
405,Jeet,Krishna,Other,2006-07-04,chanaleena@example.com,5543219898,Bhilwara,Bihar,2026-04-19,3
406,Avni,Solanki,Other,2003-02-08,nachiket04@example.com,9689061202,Khammam,Tripura,2024-05-18,3
407,Dayita,Narayan,Other,2007-11-14,bandivarsha@example.net,5365676571,Amravati,Andhra Pradesh,2025-12-02,3
408,Jagdish,Om,Other,2003-04-19,radhakrishnanxalak@example.org,2190001076,Jalna,Goa,2025-10-27,5
409,Hardik,Balakrishnan,Other,2006-10-05,ftak@example.com,1832077158,Orai,Madhya Pradesh,2024-03-02,4
410,Abhimanyu,Prasad,Male,2005-12-23,patilteerth@example.org,5392029958,North Dumdum,Punjab,2023-10-07,7
411,Aashi,Khurana,Male,2005-03-30,tchacko@example.org,6951902595,Unnao,Mizoram,2024-12-27,8
412,Gaurang,Chacko,Male,2006-02-12,gbahri@example.net,9561711209,Pune,Mizoram,2025-02-20,7
413,Kavya,Barad,Female,2002-12-15,hardikmalhotra@example.net,0115384600,Berhampore,West Bengal,2026-03-07,1
414,Thomas,Pradhan,Male,2008-05-26,anandvedika@example.com,5934784554,Mumbai,Karnataka,2024-09-16,1
415,Madhav,Venkataraman,Female,2007-09-26,qdutt@example.com,9406041471,Jabalpur,Chhattisgarh,2023-10-09,8
416,Amol,Mukherjee,Male,2006-06-29,inaya21@example.net,5678262504,Bettiah,Punjab,2025-01-13,2
417,Ucchal,Mutti,Male,2001-04-14,trivenidube@example.com,5276556196,Saharsa,Uttarakhand,2022-12-05,3
418,Rachit,Gola,Male,2000-11-12,omyadhillon@example.net,0815684266,Cuttack,Rajasthan,2026-02-23,8
419,Meghana,Anand,Female,2005-04-13,ekantaprabhu@example.com,6091032000,Chinsurah,Tamil Nadu,2022-12-16,3
420,Jatin,Madan,Male,2001-01-19,dalajaprashad@example.net,0425706133,Fatehpur,West Bengal,2023-05-03,7
421,Vanya,Sabharwal,Female,2003-07-19,sabharwalwarinder@example.com,7539285544,Nangloi Jat,Tripura,2026-05-10,8
422,Unni,Varghese,Other,2006-09-12,qushibala@example.org,9820790889,Bhimavaram,Karnataka,2025-05-14,8
423,Zansi,Sankar,Other,2006-11-27,pradhanucchal@example.net,9189706891,Bardhaman,Tamil Nadu,2023-05-31,1
424,Anvi,Vaidya,Female,2006-06-21,apai@example.com,8423045202,Jhansi,Himachal Pradesh,2025-06-18,3
425,Lipika,Kohli,Other,2006-09-07,hvora@example.com,9437524503,Kozhikode,Haryana,2023-10-05,8
426,Nathan,Choudhry,Other,2003-08-06,vnatt@example.com,7667303661,Danapur,Maharashtra,2025-07-09,7
427,Tripti,Mall,Male,2007-11-20,tanay42@example.com,7004798319,Karawal Nagar,West Bengal,2023-08-16,6
428,Sarthak,Saha,Female,2006-05-11,kataniharika@example.net,0200300184,Nandyal,Gujarat,2023-07-17,6
429,Simon,Bhatti,Male,2008-07-04,zashil28@example.org,3953849799,Solapur,Tamil Nadu,2025-03-04,3
430,Nimrat,Narain,Other,2002-04-18,cnarayan@example.com,4376831148,Jalandhar,Bihar,2024-07-21,6
431,Anvi,Shan,Other,2004-09-23,sharafgavin@example.net,2816357578,Erode,Andhra Pradesh,2023-12-03,1
432,Garima,Bhakta,Other,2003-06-08,rnori@example.net,2526456871,Imphal,Uttar Pradesh,2026-03-06,4
433,Netra,Dugar,Other,2008-07-04,mallaarini@example.net,9753198910,Cuttack,Chhattisgarh,2025-06-01,4
434,Vasudha,Patel,Female,2002-10-31,wbasak@example.com,9427750409,Kottayam,Telangana,2022-08-07,3
435,Yatin,Jani,Other,2001-02-07,hardikde@example.com,7174561178,Farrukhabad,Rajasthan,2023-11-07,1
436,Qadim,Gole,Other,2003-03-23,nazarethbanjeet@example.com,3699870712,Bhilwara,Andhra Pradesh,2023-09-17,5
437,Indrajit,Kapadia,Male,2000-09-29,anirudhverma@example.com,6462544334,Pudukkottai,Kerala,2023-07-03,2
438,Eshana,Baria,Other,2002-06-16,kamalarout@example.net,2402068796,Akola,Odisha,2026-04-11,8
439,Utkarsh,Talwar,Male,2007-09-10,baradoviya@example.org,4223069089,Rajahmundry,Odisha,2024-07-05,3
440,Aarini,Rajagopal,Male,2003-03-24,vincentraman@example.com,2686596059,Hyderabad,Uttar Pradesh,2022-09-20,5
441,Vansha,Ganguly,Female,2001-07-06,ishitanori@example.org,3048776931,Nagercoil,Bihar,2025-05-07,1
442,Finn,Choudhary,Female,2007-03-01,thomas14@example.net,3098685576,Aligarh,Chhattisgarh,2022-08-06,4
443,Guneet,Rama,Female,2008-02-12,sarrafethan@example.com,4683657814,Jamnagar,Maharashtra,2022-10-17,1
444,Avi,Narayanan,Male,2008-07-11,gollaekaja@example.com,6146913697,Junagadh,Tamil Nadu,2024-10-09,4
445,Varsha,Karan,Other,2003-12-15,riya65@example.com,5693069215,Danapur,Gujarat,2023-03-10,6
446,Shravya,Varkey,Female,2008-05-01,dalaja82@example.net,1388908828,Giridih,Arunachal Pradesh,2025-04-22,8
447,Wriddhish,Malhotra,Other,2007-04-18,kalpitsane@example.net,9835920755,Bulandshahr,Andhra Pradesh,2024-01-19,6
448,Mohini,Ganguly,Other,2007-01-17,ybuch@example.com,4613930634,Phagwara,Tripura,2023-06-16,1
449,Viraj,Singh,Female,2006-04-17,nikitavarkey@example.org,9143522319,Eluru,Sikkim,2023-06-23,1
450,Manya,Nigam,Female,2007-10-08,tankazaan@example.org,1017995501,Akola,Maharashtra,2025-01-20,4
451,Manan,Saran,Female,2001-07-05,tanish67@example.org,0692915995,Bhusawal,Punjab,2022-09-13,3
452,Charita,Chowdhury,Male,2001-05-05,goyalazad@example.com,9686312488,Rajkot,Uttarakhand,2024-03-06,3
453,Nitesh,Rai,Female,2001-07-23,traja@example.org,1862940856,Barasat,Haryana,2024-10-26,3
454,Raagini,Bhatt,Female,2007-07-25,bavasamesh@example.net,3473355135,Machilipatnam,Meghalaya,2024-10-06,8
455,Samaksh,Thaman,Other,2006-02-17,hemani78@example.com,6220664990,Chapra,Karnataka,2024-02-08,8
456,Abhiram,Oak,Female,2001-06-05,lila73@example.org,0249321885,Aligarh,Mizoram,2024-03-08,4
457,Sanaya,Tella,Female,2004-01-19,priya57@example.net,4562204947,Rampur,Maharashtra,2025-11-22,2
458,Nachiket,Bhatia,Other,2003-06-17,dayamai52@example.net,7174230432,Siwan,Tamil Nadu,2025-07-25,4
459,Sai,Karan,Other,2005-03-27,gaurikurian@example.org,5212139708,Bettiah,Haryana,2023-04-01,8
460,Manya,Biswas,Other,2006-06-01,adya91@example.net,5725301394,Junagadh,Odisha,2022-12-01,2
461,Anay,Nayar,Male,2007-10-31,wazirmital@example.com,2581636157,Bhavnagar,Meghalaya,2023-01-15,5
462,Ojas,Dhillon,Other,2001-04-12,jhaxalak@example.com,6594412756,Udupi,West Bengal,2025-11-12,3
463,Leena,Brar,Female,2001-09-25,harinakshi39@example.org,6869994804,Ahmedabad,Gujarat,2025-11-18,8
464,Frederick,Konda,Male,2003-06-04,luthrapooja@example.com,2937460741,Rajahmundry,Karnataka,2022-07-18,1
465,Kai,Bansal,Male,2007-11-19,vrindaprakash@example.org,1006986317,Bangalore,Telangana,2026-06-09,2
466,Balhaar,Butala,Other,2007-09-12,ishukla@example.com,7926834542,Nadiad,Gujarat,2024-09-21,8
467,Qushi,Raju,Male,2002-02-11,sibalkrishna@example.org,3484032754,Aligarh,Sikkim,2023-09-24,3
468,Divya,Gupta,Male,2003-02-14,kamala72@example.org,8217914144,Chennai,Tripura,2023-09-26,4
469,Azaan,Dutta,Other,2004-11-02,ikari@example.com,2472928514,Bihar Sharif,Chhattisgarh,2023-10-22,1
470,Benjamin,Chaudhary,Female,2006-12-14,jackmishra@example.net,9506707933,Nellore,Chhattisgarh,2023-06-17,5
471,Gopal,Kala,Female,2001-04-24,subramanianveda@example.net,1221903530,Meerut,Rajasthan,2026-05-02,3
472,Eiravati,Kari,Male,2002-04-24,dalaja91@example.net,1707204921,Patiala,Nagaland,2025-11-03,8
473,Daksh,Biswas,Male,2008-03-16,varenya99@example.org,1601077889,Bokaro,Rajasthan,2023-10-08,7
474,Maanas,Deo,Other,2006-09-13,hiteshmishra@example.net,0892150361,Vijayawada,Mizoram,2026-06-10,4
475,Bishakha,Karpe,Female,2002-02-01,advikakeer@example.com,0754455745,Sikar,Tripura,2023-08-19,6
476,Jagrati,Reddy,Female,2005-11-29,zaid87@example.org,5271819344,Motihari,Mizoram,2023-07-13,8
477,Arjun,Nagi,Other,2006-03-30,pmadan@example.com,3027495481,Dharmavaram,Uttarakhand,2023-08-03,6
478,Jeremiah,Hegde,Male,2006-12-24,pandeyzinal@example.org,5723006521,Chittoor,Gujarat,2026-06-28,2
479,Vansha,Goswami,Female,2001-08-09,rbarad@example.net,4051100088,Tezpur,Jharkhand,2023-04-09,6
480,Zansi,Chauhan,Female,2002-12-14,iyengarmitesh@example.org,8933917025,Sagar,Sikkim,2024-09-11,1
481,Andrew,Barad,Male,2002-08-08,manimohammed@example.net,5847230771,Begusarai,Rajasthan,2025-06-21,1
482,Chakrika,Vala,Other,2007-08-28,avohra@example.com,3008885904,Nagpur,Jharkhand,2024-08-13,1
483,Harshil,Bhatti,Male,2006-09-20,zcomar@example.net,0531643517,Barasat,Sikkim,2024-10-10,7
484,Luke,Lad,Female,2006-10-31,amall@example.net,8368679546,Tinsukia,Goa,2022-08-24,6
485,Warhi,Aggarwal,Female,2004-03-23,hchakrabarti@example.com,1962675674,Agartala,Jharkhand,2023-10-14,2
486,Pushti,Krishnan,Male,2001-01-05,yuvrajdutta@example.com,4688975675,Bijapur,Kerala,2024-08-29,7
487,Zaitra,Kala,Male,2002-08-06,shankarjhalak@example.net,5615949263,Sangli-Miraj & Kupwad,Karnataka,2026-02-01,8
488,Turvi,Vohra,Other,2004-09-10,michael16@example.com,9538697907,Raiganj,Meghalaya,2026-06-04,4
489,Osha,Mittal,Other,2002-05-23,rachana08@example.com,6266294736,Ahmedabad,Sikkim,2022-10-19,1
490,Jai,Bali,Female,2001-04-07,oliver99@example.com,1019912929,Rajkot,Andhra Pradesh,2024-12-23,3
491,Aishani,Chand,Female,2006-03-03,ikshita84@example.net,4997088907,Panihati,Arunachal Pradesh,2025-09-02,8
492,Vasudha,Sen,Other,2007-09-15,ganand@example.net,8995804466,Haldia,Tripura,2023-02-25,4
493,Kai,Hari,Other,2006-06-17,rattachampak@example.org,8885857191,Jalgaon,Odisha,2024-08-27,1
494,Manbir,Peri,Male,2006-01-16,rnayak@example.com,6805771259,Cuttack,Jharkhand,2023-10-19,2
495,Krishna,Mittal,Male,2004-11-10,tsabharwal@example.com,9407468357,Cuttack,Himachal Pradesh,2023-04-02,3
496,Jeremiah,Wali,Other,2002-05-12,shuklakeya@example.com,4471392577,Sri Ganganagar,Arunachal Pradesh,2024-11-28,6
497,Watika,Muni,Female,2001-10-16,ranbiragarwal@example.net,7431072542,Satara,Punjab,2023-04-10,2
498,Amrita,Golla,Female,2006-09-19,chaitalyraghavan@example.org,0250236228,Indore,Telangana,2023-09-11,4
499,Zashil,Behl,Female,2007-03-13,nirjasarin@example.com,4234912503,Thane,Goa,2024-12-06,2
500,Ronith,Kanda,Male,2000-10-20,isaiahdhillon@example.net,7321092856,Anantapuram,Telangana,2025-03-22,1
